model,mhc_class,condition,target,total_seconds,total_minutes,timing_source
af3,classI,with_msa_with_template,6zkw_pmhc_tcr,2536.78,42.28,sum_of_steps_from_out
af3,classI,with_msa_with_template,7n2p_pmhc_tcr,2330.78,38.846,sum_of_steps_from_out
af3,classI,with_msa_with_template,7n2r_pmhc_tcr,2619.18,43.653,sum_of_steps_from_out
af3,classI,with_msa_with_template,7n2s_pmhc_tcr,2541.8,42.363,sum_of_steps_from_out
af3,classI,with_msa_with_template,7n4k_pmhc_tcr,2594.04,43.234,sum_of_steps_from_out
af3,classI,with_msa_with_template,7n5c_pmhc_tcr,2557.95,42.632,sum_of_steps_from_out
af3,classI,with_msa_with_template,7n5p_pmhc_tcr,2595.36,43.256,sum_of_steps_from_out
af3,classI,with_msa_with_template,7na5_pmhc_tcr,2628.71,43.812,sum_of_steps_from_out
af3,classI,with_msa_with_template,7ndq_pmhc_tcr,10996.37,183.273,sum_of_steps_from_out
af3,classI,with_msa_with_template,7ndt_pmhc_tcr,2613.99,43.567,sum_of_steps_from_out
af3,classI,with_msa_with_template,6zkx_pmhc_tcr,2573.82,42.897,sum_of_steps_from_out
af3,classI,with_msa_with_template,7ndu_pmhc_tcr,11197.46,186.624,sum_of_steps_from_out
af3,classI,with_msa_with_template,7nme_pmhc_tcr,2605.38,43.423,sum_of_steps_from_out
af3,classI,with_msa_with_template,7nmf_pmhc_tcr,2697.12,44.952,sum_of_steps_from_out
af3,classI,with_msa_with_template,7nmg_pmhc_tcr,2553.37,42.556,sum_of_steps_from_out
af3,classI,with_msa_with_template,7ow5_pmhc_tcr,2683.34,44.722,sum_of_steps_from_out
af3,classI,with_msa_with_template,7ow6_pmhc_tcr,2558.1,42.635,sum_of_steps_from_out
af3,classI,with_msa_with_template,7pb2_pmhc_tcr,2687.95,44.799,sum_of_steps_from_out
af3,classI,with_msa_with_template,7pbe_pmhc_tcr,2616.43,43.607,sum_of_steps_from_out
af3,classI,with_msa_with_template,7phr_pmhc_tcr,2507.46,41.791,sum_of_steps_from_out
af3,classI,with_msa_with_template,7q99_pmhc_tcr,2606.74,43.446,sum_of_steps_from_out
af3,classI,with_msa_with_template,6zky_pmhc_tcr,2622.31,43.705,sum_of_steps_from_out
af3,classI,with_msa_with_template,7q9a_pmhc_tcr,2525.28,42.088,sum_of_steps_from_out
af3,classI,with_msa_with_template,7q9b_pmhc_tcr,2522.69,42.045,sum_of_steps_from_out
af3,classI,with_msa_with_template,7qpj_pmhc_tcr,2515.19,41.92,sum_of_steps_from_out
af3,classI,with_msa_with_template,7r80_pmhc_tcr,11261.46,187.691,sum_of_steps_from_out
af3,classI,with_msa_with_template,7rk7_pmhc_tcr,2563.68,42.728,sum_of_steps_from_out
af3,classI,with_msa_with_template,7rm4_pmhc_tcr,2532.2,42.203,sum_of_steps_from_out
af3,classI,with_msa_with_template,7rrg_pmhc_tcr,2513.42,41.89,sum_of_steps_from_out
af3,classI,with_msa_with_template,7rtr_pmhc_tcr,2620.2,43.67,sum_of_steps_from_out
af3,classI,with_msa_with_template,7su9_pmhc_tcr,2522.86,42.048,sum_of_steps_from_out
af3,classI,with_msa_with_template,6zkz_pmhc_tcr,2670.99,44.516,sum_of_steps_from_out
af3,classI,with_msa_with_template,8d5q_pmhc_tcr,2482.06,41.368,sum_of_steps_from_out
af3,classI,with_msa_with_template,8dnt_pmhc_tcr,2529.12,42.152,sum_of_steps_from_out
af3,classI,with_msa_with_template,8en8_pmhc_tcr,2659.01,44.317,sum_of_steps_from_out
af3,classI,with_msa_with_template,8enh_pmhc_tcr,2581.56,43.026,sum_of_steps_from_out
af3,classI,with_msa_with_template,8eo8_pmhc_tcr,2545.28,42.421,sum_of_steps_from_out
af3,classI,with_msa_with_template,8f5a_pmhc_tcr,10920.31,182.005,sum_of_steps_from_out
af3,classI,with_msa_with_template,8gom_pmhc_tcr,2697.66,44.961,sum_of_steps_from_out
af3,classI,with_msa_with_template,8gon_pmhc_tcr,2606.47,43.441,sum_of_steps_from_out
af3,classI,with_msa_with_template,8gvb_pmhc_tcr,2753.43,45.89,sum_of_steps_from_out
af3,classI,with_msa_with_template,8gvg_pmhc_tcr,2588.15,43.136,sum_of_steps_from_out
af3,classI,with_msa_with_template,7dzm_pmhc_tcr,11341.12,189.019,sum_of_steps_from_out
af3,classI,with_msa_with_template,8gvi_pmhc_tcr,2543.67,42.394,sum_of_steps_from_out
af3,classI,with_msa_with_template,8i5c_pmhc_tcr,2761.69,46.028,sum_of_steps_from_out
af3,classI,with_msa_with_template,8i5d_pmhc_tcr,2551.71,42.529,sum_of_steps_from_out
af3,classI,with_msa_with_template,8qfy_pmhc_tcr,2590.3,43.172,sum_of_steps_from_out
af3,classI,with_msa_with_template,8shi_pmhc_tcr,2895.83,48.264,sum_of_steps_from_out
af3,classI,with_msa_with_template,8wte_pmhc_tcr,2530.25,42.171,sum_of_steps_from_out
af3,classI,with_msa_with_template,8wul_pmhc_tcr,2607.35,43.456,sum_of_steps_from_out
af3,classI,with_msa_with_template,7dzn_pmhc_tcr,11384.57,189.743,sum_of_steps_from_out
af3,classI,with_msa_with_template,7l1d_pmhc_tcr,2289.14,38.152,sum_of_steps_from_out
af3,classI,with_msa_with_template,7n2n_pmhc_tcr,2625.85,43.764,sum_of_steps_from_out
af3,classI,with_msa_with_template,7n2o_pmhc_tcr,2509.04,41.817,sum_of_steps_from_out
af3,classI,with_msa_with_template,7n2q_pmhc_tcr,2137.89,35.632,sum_of_steps_from_out
af3,classI,with_msa_with_template,8cx4_pmhc_tcr,2138.03,35.634,sum_of_steps_from_out
af3,classI,with_msa_no_template,6zkw_pmhc_tcr,2547.98,42.466,sum_of_steps_from_out
af3,classI,with_msa_no_template,7n2p_pmhc_tcr,2513.57,41.893,sum_of_steps_from_out
af3,classI,with_msa_no_template,7n2q_pmhc_tcr,2549.22,42.487,sum_of_steps_from_out
af3,classI,with_msa_no_template,7n2r_pmhc_tcr,2637.39,43.956,sum_of_steps_from_out
af3,classI,with_msa_no_template,7n2s_pmhc_tcr,2524.2,42.07,sum_of_steps_from_out
af3,classI,with_msa_no_template,7n4k_pmhc_tcr,2535.08,42.251,sum_of_steps_from_out
af3,classI,with_msa_no_template,7n5c_pmhc_tcr,2578.44,42.974,sum_of_steps_from_out
af3,classI,with_msa_no_template,7n5p_pmhc_tcr,3509.54,58.492,sum_of_steps_from_out
af3,classI,with_msa_no_template,7na5_pmhc_tcr,2509.89,41.832,sum_of_steps_from_out
af3,classI,with_msa_no_template,7ndq_pmhc_tcr,2529.15,42.153,sum_of_steps_from_out
af3,classI,with_msa_no_template,7ndt_pmhc_tcr,2520.22,42.004,sum_of_steps_from_out
af3,classI,with_msa_no_template,6zkx_pmhc_tcr,2525.13,42.086,sum_of_steps_from_out
af3,classI,with_msa_no_template,7ndu_pmhc_tcr,2543.63,42.394,sum_of_steps_from_out
af3,classI,with_msa_no_template,7nme_pmhc_tcr,2534.73,42.245,sum_of_steps_from_out
af3,classI,with_msa_no_template,7nmf_pmhc_tcr,2607.7,43.462,sum_of_steps_from_out
af3,classI,with_msa_no_template,7nmg_pmhc_tcr,2632.94,43.882,sum_of_steps_from_out
af3,classI,with_msa_no_template,7ow5_pmhc_tcr,2697.67,44.961,sum_of_steps_from_out
af3,classI,with_msa_no_template,7ow6_pmhc_tcr,2516.19,41.936,sum_of_steps_from_out
af3,classI,with_msa_no_template,7pb2_pmhc_tcr,2527.82,42.13,sum_of_steps_from_out
af3,classI,with_msa_no_template,7pbe_pmhc_tcr,2523.62,42.06,sum_of_steps_from_out
af3,classI,with_msa_no_template,7phr_pmhc_tcr,2549.13,42.486,sum_of_steps_from_out
af3,classI,with_msa_no_template,7q99_pmhc_tcr,2537.47,42.291,sum_of_steps_from_out
af3,classI,with_msa_no_template,6zky_pmhc_tcr,2528.63,42.144,sum_of_steps_from_out
af3,classI,with_msa_no_template,7q9a_pmhc_tcr,2617.57,43.626,sum_of_steps_from_out
af3,classI,with_msa_no_template,7q9b_pmhc_tcr,2709.34,45.156,sum_of_steps_from_out
af3,classI,with_msa_no_template,7qpj_pmhc_tcr,2716.67,45.278,sum_of_steps_from_out
af3,classI,with_msa_no_template,7r80_pmhc_tcr,2558.08,42.635,sum_of_steps_from_out
af3,classI,with_msa_no_template,7rk7_pmhc_tcr,2642.09,44.035,sum_of_steps_from_out
af3,classI,with_msa_no_template,7rm4_pmhc_tcr,2528.07,42.134,sum_of_steps_from_out
af3,classI,with_msa_no_template,7rrg_pmhc_tcr,2529.36,42.156,sum_of_steps_from_out
af3,classI,with_msa_no_template,7rtr_pmhc_tcr,2548.94,42.482,sum_of_steps_from_out
af3,classI,with_msa_no_template,7su9_pmhc_tcr,2594.84,43.247,sum_of_steps_from_out
af3,classI,with_msa_no_template,8cx4_pmhc_tcr,2666.73,44.446,sum_of_steps_from_out
af3,classI,with_msa_no_template,6zkz_pmhc_tcr,2934.2,48.903,sum_of_steps_from_out
af3,classI,with_msa_no_template,8d5q_pmhc_tcr,2763.35,46.056,sum_of_steps_from_out
af3,classI,with_msa_no_template,8dnt_pmhc_tcr,2535.54,42.259,sum_of_steps_from_out
af3,classI,with_msa_no_template,8en8_pmhc_tcr,2533.36,42.223,sum_of_steps_from_out
af3,classI,with_msa_no_template,8enh_pmhc_tcr,2545.81,42.43,sum_of_steps_from_out
af3,classI,with_msa_no_template,8eo8_pmhc_tcr,2535.08,42.251,sum_of_steps_from_out
af3,classI,with_msa_no_template,8f5a_pmhc_tcr,2658.29,44.305,sum_of_steps_from_out
af3,classI,with_msa_no_template,8gom_pmhc_tcr,2655.29,44.255,sum_of_steps_from_out
af3,classI,with_msa_no_template,8gon_pmhc_tcr,2567.69,42.795,sum_of_steps_from_out
af3,classI,with_msa_no_template,8gvb_pmhc_tcr,2796.12,46.602,sum_of_steps_from_out
af3,classI,with_msa_no_template,8gvg_pmhc_tcr,2530.28,42.171,sum_of_steps_from_out
af3,classI,with_msa_no_template,7dzm_pmhc_tcr,2518.86,41.981,sum_of_steps_from_out
af3,classI,with_msa_no_template,8gvi_pmhc_tcr,2522.5,42.042,sum_of_steps_from_out
af3,classI,with_msa_no_template,8i5c_pmhc_tcr,2525.79,42.096,sum_of_steps_from_out
af3,classI,with_msa_no_template,8i5d_pmhc_tcr,2519.83,41.997,sum_of_steps_from_out
af3,classI,with_msa_no_template,8qfy_pmhc_tcr,2628.71,43.812,sum_of_steps_from_out
af3,classI,with_msa_no_template,8shi_pmhc_tcr,2622.9,43.715,sum_of_steps_from_out
af3,classI,with_msa_no_template,8wte_pmhc_tcr,2554.69,42.578,sum_of_steps_from_out
af3,classI,with_msa_no_template,8wul_pmhc_tcr,2761.53,46.026,sum_of_steps_from_out
af3,classI,with_msa_no_template,7dzn_pmhc_tcr,2566.76,42.779,sum_of_steps_from_out
af3,classI,with_msa_no_template,7l1d_pmhc_tcr,2509.03,41.817,sum_of_steps_from_out
af3,classI,with_msa_no_template,7n2n_pmhc_tcr,2517.12,41.952,sum_of_steps_from_out
af3,classI,with_msa_no_template,7n2o_pmhc_tcr,2532.11,42.202,sum_of_steps_from_out
af3,classI,no_msa_no_template,6zkw_pmhc_tcr,172.5,2.875,sum_of_steps_from_out
af3,classI,no_msa_no_template,7n2p_pmhc_tcr,173.87,2.898,sum_of_steps_from_out
af3,classI,no_msa_no_template,7n2q_pmhc_tcr,173.85,2.898,sum_of_steps_from_out
af3,classI,no_msa_no_template,7n2r_pmhc_tcr,173.79,2.897,sum_of_steps_from_out
af3,classI,no_msa_no_template,7n2s_pmhc_tcr,175.64,2.927,sum_of_steps_from_out
af3,classI,no_msa_no_template,7n4k_pmhc_tcr,173.31,2.889,sum_of_steps_from_out
af3,classI,no_msa_no_template,7n5c_pmhc_tcr,173.34,2.889,sum_of_steps_from_out
af3,classI,no_msa_no_template,7n5p_pmhc_tcr,173.26,2.888,sum_of_steps_from_out
af3,classI,no_msa_no_template,7na5_pmhc_tcr,172.33,2.872,sum_of_steps_from_out
af3,classI,no_msa_no_template,7ndq_pmhc_tcr,173.73,2.896,sum_of_steps_from_out
af3,classI,no_msa_no_template,7ndt_pmhc_tcr,175.15,2.919,sum_of_steps_from_out
af3,classI,no_msa_no_template,6zkx_pmhc_tcr,173.91,2.899,sum_of_steps_from_out
af3,classI,no_msa_no_template,7ndu_pmhc_tcr,174.16,2.903,sum_of_steps_from_out
af3,classI,no_msa_no_template,7nme_pmhc_tcr,172.91,2.882,sum_of_steps_from_out
af3,classI,no_msa_no_template,7nmf_pmhc_tcr,174.18,2.903,sum_of_steps_from_out
af3,classI,no_msa_no_template,7nmg_pmhc_tcr,172.05,2.868,sum_of_steps_from_out
af3,classI,no_msa_no_template,7ow5_pmhc_tcr,170.66,2.844,sum_of_steps_from_out
af3,classI,no_msa_no_template,7ow6_pmhc_tcr,172.97,2.883,sum_of_steps_from_out
af3,classI,no_msa_no_template,7pb2_pmhc_tcr,173.8,2.897,sum_of_steps_from_out
af3,classI,no_msa_no_template,7pbe_pmhc_tcr,173.48,2.891,sum_of_steps_from_out
af3,classI,no_msa_no_template,7phr_pmhc_tcr,173.71,2.895,sum_of_steps_from_out
af3,classI,no_msa_no_template,7q99_pmhc_tcr,175.25,2.921,sum_of_steps_from_out
af3,classI,no_msa_no_template,6zky_pmhc_tcr,175.3,2.922,sum_of_steps_from_out
af3,classI,no_msa_no_template,7q9a_pmhc_tcr,175.0,2.917,sum_of_steps_from_out
af3,classI,no_msa_no_template,7q9b_pmhc_tcr,170.86,2.848,sum_of_steps_from_out
af3,classI,no_msa_no_template,7qpj_pmhc_tcr,174.69,2.911,sum_of_steps_from_out
af3,classI,no_msa_no_template,7r80_pmhc_tcr,173.63,2.894,sum_of_steps_from_out
af3,classI,no_msa_no_template,7rk7_pmhc_tcr,174.77,2.913,sum_of_steps_from_out
af3,classI,no_msa_no_template,7rm4_pmhc_tcr,173.53,2.892,sum_of_steps_from_out
af3,classI,no_msa_no_template,7rrg_pmhc_tcr,173.99,2.9,sum_of_steps_from_out
af3,classI,no_msa_no_template,7rtr_pmhc_tcr,172.23,2.871,sum_of_steps_from_out
af3,classI,no_msa_no_template,7su9_pmhc_tcr,170.22,2.837,sum_of_steps_from_out
af3,classI,no_msa_no_template,8cx4_pmhc_tcr,173.55,2.892,sum_of_steps_from_out
af3,classI,no_msa_no_template,6zkz_pmhc_tcr,174.55,2.909,sum_of_steps_from_out
af3,classI,no_msa_no_template,8d5q_pmhc_tcr,175.14,2.919,sum_of_steps_from_out
af3,classI,no_msa_no_template,8dnt_pmhc_tcr,174.47,2.908,sum_of_steps_from_out
af3,classI,no_msa_no_template,8en8_pmhc_tcr,175.27,2.921,sum_of_steps_from_out
af3,classI,no_msa_no_template,8enh_pmhc_tcr,171.35,2.856,sum_of_steps_from_out
af3,classI,no_msa_no_template,8eo8_pmhc_tcr,170.89,2.848,sum_of_steps_from_out
af3,classI,no_msa_no_template,8f5a_pmhc_tcr,172.96,2.883,sum_of_steps_from_out
af3,classI,no_msa_no_template,8gom_pmhc_tcr,174.21,2.903,sum_of_steps_from_out
af3,classI,no_msa_no_template,8gon_pmhc_tcr,174.44,2.907,sum_of_steps_from_out
af3,classI,no_msa_no_template,8gvb_pmhc_tcr,173.13,2.885,sum_of_steps_from_out
af3,classI,no_msa_no_template,8gvg_pmhc_tcr,173.28,2.888,sum_of_steps_from_out
af3,classI,no_msa_no_template,7dzm_pmhc_tcr,174.73,2.912,sum_of_steps_from_out
af3,classI,no_msa_no_template,8gvi_pmhc_tcr,173.91,2.898,sum_of_steps_from_out
af3,classI,no_msa_no_template,8i5c_pmhc_tcr,170.94,2.849,sum_of_steps_from_out
af3,classI,no_msa_no_template,8i5d_pmhc_tcr,172.45,2.874,sum_of_steps_from_out
af3,classI,no_msa_no_template,8qfy_pmhc_tcr,175.09,2.918,sum_of_steps_from_out
af3,classI,no_msa_no_template,8shi_pmhc_tcr,175.41,2.924,sum_of_steps_from_out
af3,classI,no_msa_no_template,8wte_pmhc_tcr,172.98,2.883,sum_of_steps_from_out
af3,classI,no_msa_no_template,8wul_pmhc_tcr,173.1,2.885,sum_of_steps_from_out
af3,classI,no_msa_no_template,7dzn_pmhc_tcr,174.77,2.913,sum_of_steps_from_out
af3,classI,no_msa_no_template,7l1d_pmhc_tcr,172.36,2.873,sum_of_steps_from_out
af3,classI,no_msa_no_template,7n2n_pmhc_tcr,173.64,2.894,sum_of_steps_from_out
af3,classI,no_msa_no_template,7n2o_pmhc_tcr,174.45,2.907,sum_of_steps_from_out
af3,classII,with_msa_with_template,7rdv_pmhc_tcr,3076.52,51.275,sum_of_steps_from_out
af3,classII,with_msa_with_template,8trl_pmhc_tcr,3109.48,51.825,sum_of_steps_from_out
af3,classII,with_msa_with_template,8trr_pmhc_tcr,3095.22,51.587,sum_of_steps_from_out
af3,classII,with_msa_with_template,8vcx_pmhc_tcr,3114.1,51.902,sum_of_steps_from_out
af3,classII,with_msa_with_template,8vcy_pmhc_tcr,3420.99,57.017,sum_of_steps_from_out
af3,classII,with_msa_with_template,8vd2_pmhc_tcr,3251.19,54.187,sum_of_steps_from_out
af3,classII,with_msa_with_template,7sg0_pmhc_tcr,3166.4,52.773,sum_of_steps_from_out
af3,classII,with_msa_with_template,7sg1_pmhc_tcr,2762.35,46.039,sum_of_steps_from_out
af3,classII,with_msa_with_template,7sg2_pmhc_tcr,3395.51,56.592,sum_of_steps_from_out
af3,classII,with_msa_with_template,7t2b_pmhc_tcr,3074.95,51.249,sum_of_steps_from_out
af3,classII,with_msa_with_template,7t2c_pmhc_tcr,3098.41,51.64,sum_of_steps_from_out
af3,classII,with_msa_with_template,7t2d_pmhc_tcr,3085.8,51.43,sum_of_steps_from_out
af3,classII,with_msa_with_template,7z50_pmhc_tcr,3159.3,52.655,sum_of_steps_from_out
af3,classII,with_msa_with_template,8pjg_pmhc_tcr,3094.46,51.574,sum_of_steps_from_out
af3,classII,with_msa_no_template,7rdv_pmhc_tcr,3069.09,51.151,sum_of_steps_from_out
af3,classII,with_msa_no_template,8trl_pmhc_tcr,2778.46,46.308,sum_of_steps_from_out
af3,classII,with_msa_no_template,8trr_pmhc_tcr,3053.52,50.892,sum_of_steps_from_out
af3,classII,with_msa_no_template,8vcx_pmhc_tcr,3079.39,51.323,sum_of_steps_from_out
af3,classII,with_msa_no_template,8vcy_pmhc_tcr,3077.67,51.294,sum_of_steps_from_out
af3,classII,with_msa_no_template,8vd2_pmhc_tcr,3110.09,51.835,sum_of_steps_from_out
af3,classII,with_msa_no_template,7sg0_pmhc_tcr,3050.97,50.85,sum_of_steps_from_out
af3,classII,with_msa_no_template,7sg1_pmhc_tcr,2772.3,46.205,sum_of_steps_from_out
af3,classII,with_msa_no_template,7sg2_pmhc_tcr,2789.38,46.49,sum_of_steps_from_out
af3,classII,with_msa_no_template,7t2b_pmhc_tcr,3109.99,51.833,sum_of_steps_from_out
af3,classII,with_msa_no_template,7t2c_pmhc_tcr,3110.87,51.848,sum_of_steps_from_out
af3,classII,with_msa_no_template,7t2d_pmhc_tcr,3124.19,52.07,sum_of_steps_from_out
af3,classII,with_msa_no_template,7z50_pmhc_tcr,3067.27,51.121,sum_of_steps_from_out
af3,classII,with_msa_no_template,8pjg_pmhc_tcr,3063.7,51.062,sum_of_steps_from_out
af3,classII,no_msa_no_template,7rdv_pmhc_tcr,174.09,2.901,sum_of_steps_from_out
af3,classII,no_msa_no_template,8trl_pmhc_tcr,171.73,2.862,sum_of_steps_from_out
af3,classII,no_msa_no_template,8trr_pmhc_tcr,174.03,2.901,sum_of_steps_from_out
af3,classII,no_msa_no_template,8vcx_pmhc_tcr,172.88,2.881,sum_of_steps_from_out
af3,classII,no_msa_no_template,8vcy_pmhc_tcr,173.95,2.899,sum_of_steps_from_out
af3,classII,no_msa_no_template,8vd2_pmhc_tcr,173.09,2.885,sum_of_steps_from_out
af3,classII,no_msa_no_template,7sg0_pmhc_tcr,169.87,2.831,sum_of_steps_from_out
af3,classII,no_msa_no_template,7sg1_pmhc_tcr,173.41,2.89,sum_of_steps_from_out
af3,classII,no_msa_no_template,7sg2_pmhc_tcr,168.33,2.806,sum_of_steps_from_out
af3,classII,no_msa_no_template,7t2b_pmhc_tcr,173.7,2.895,sum_of_steps_from_out
af3,classII,no_msa_no_template,7t2c_pmhc_tcr,169.53,2.825,sum_of_steps_from_out
af3,classII,no_msa_no_template,7t2d_pmhc_tcr,170.77,2.846,sum_of_steps_from_out
af3,classII,no_msa_no_template,7z50_pmhc_tcr,173.09,2.885,sum_of_steps_from_out
af3,classII,no_msa_no_template,8pjg_pmhc_tcr,175.97,2.933,sum_of_steps_from_out
protenix_v1,classI,with_msa_with_template,6zkw_pmhc_tcr,95.21,1.587,job_completed_from_err
protenix_v1,classI,with_msa_with_template,7n2p_pmhc_tcr,91.11,1.518,job_completed_from_err
protenix_v1,classI,with_msa_with_template,7n2q_pmhc_tcr,30.71,0.512,job_completed_from_err
protenix_v1,classI,with_msa_with_template,7n2r_pmhc_tcr,92.03,1.534,job_completed_from_err
protenix_v1,classI,with_msa_with_template,7n2s_pmhc_tcr,31.19,0.52,job_completed_from_err
protenix_v1,classI,with_msa_with_template,7n4k_pmhc_tcr,34.58,0.576,job_completed_from_err
protenix_v1,classI,with_msa_with_template,7n5c_pmhc_tcr,23.44,0.391,job_completed_from_err
protenix_v1,classI,with_msa_with_template,7n5p_pmhc_tcr,33.36,0.556,job_completed_from_err
protenix_v1,classI,with_msa_with_template,7na5_pmhc_tcr,23.4,0.39,job_completed_from_err
protenix_v1,classI,with_msa_with_template,7ndq_pmhc_tcr,91.55,1.526,job_completed_from_err
protenix_v1,classI,with_msa_with_template,7ndt_pmhc_tcr,30.34,0.506,job_completed_from_err
protenix_v1,classI,with_msa_with_template,6zkx_pmhc_tcr,94.86,1.581,job_completed_from_err
protenix_v1,classI,with_msa_with_template,7ndu_pmhc_tcr,31.06,0.518,job_completed_from_err
protenix_v1,classI,with_msa_with_template,7nme_pmhc_tcr,94.48,1.575,job_completed_from_err
protenix_v1,classI,with_msa_with_template,7nmf_pmhc_tcr,31.33,0.522,job_completed_from_err
protenix_v1,classI,with_msa_with_template,7nmg_pmhc_tcr,22.36,0.373,job_completed_from_err
protenix_v1,classI,with_msa_with_template,7ow5_pmhc_tcr,96.94,1.616,job_completed_from_err
protenix_v1,classI,with_msa_with_template,7ow6_pmhc_tcr,97.58,1.626,job_completed_from_err
protenix_v1,classI,with_msa_with_template,7pb2_pmhc_tcr,101.78,1.696,job_completed_from_err
protenix_v1,classI,with_msa_with_template,7pbe_pmhc_tcr,22.26,0.371,job_completed_from_err
protenix_v1,classI,with_msa_with_template,7phr_pmhc_tcr,31.35,0.523,job_completed_from_err
protenix_v1,classI,with_msa_with_template,7q99_pmhc_tcr,99.64,1.661,job_completed_from_err
protenix_v1,classI,with_msa_with_template,6zky_pmhc_tcr,88.69,1.478,job_completed_from_err
protenix_v1,classI,with_msa_with_template,7q9a_pmhc_tcr,98.27,1.638,job_completed_from_err
protenix_v1,classI,with_msa_with_template,7q9b_pmhc_tcr,92.86,1.548,job_completed_from_err
protenix_v1,classI,with_msa_with_template,7qpj_pmhc_tcr,94.79,1.58,job_completed_from_err
protenix_v1,classI,with_msa_with_template,7r80_pmhc_tcr,93.62,1.56,job_completed_from_err
protenix_v1,classI,with_msa_with_template,7rk7_pmhc_tcr,24.02,0.4,job_completed_from_err
protenix_v1,classI,with_msa_with_template,7rm4_pmhc_tcr,29.89,0.498,job_completed_from_err
protenix_v1,classI,with_msa_with_template,7rrg_pmhc_tcr,29.39,0.49,job_completed_from_err
protenix_v1,classI,with_msa_with_template,7rtr_pmhc_tcr,31.24,0.521,job_completed_from_err
protenix_v1,classI,with_msa_with_template,7su9_pmhc_tcr,22.38,0.373,job_completed_from_err
protenix_v1,classI,with_msa_with_template,8cx4_pmhc_tcr,99.79,1.663,job_completed_from_err
protenix_v1,classI,with_msa_with_template,6zkz_pmhc_tcr,32.92,0.549,job_completed_from_err
protenix_v1,classI,with_msa_with_template,8d5q_pmhc_tcr,32.66,0.544,job_completed_from_err
protenix_v1,classI,with_msa_with_template,8dnt_pmhc_tcr,22.32,0.372,job_completed_from_err
protenix_v1,classI,with_msa_with_template,8en8_pmhc_tcr,94.85,1.581,job_completed_from_err
protenix_v1,classI,with_msa_with_template,8enh_pmhc_tcr,96.46,1.608,job_completed_from_err
protenix_v1,classI,with_msa_with_template,8eo8_pmhc_tcr,31.22,0.52,job_completed_from_err
protenix_v1,classI,with_msa_with_template,8f5a_pmhc_tcr,93.75,1.562,job_completed_from_err
protenix_v1,classI,with_msa_with_template,8gom_pmhc_tcr,33.31,0.555,job_completed_from_err
protenix_v1,classI,with_msa_with_template,8gon_pmhc_tcr,31.53,0.525,job_completed_from_err
protenix_v1,classI,with_msa_with_template,8gvb_pmhc_tcr,22.42,0.374,job_completed_from_err
protenix_v1,classI,with_msa_with_template,8gvg_pmhc_tcr,96.82,1.614,job_completed_from_err
protenix_v1,classI,with_msa_with_template,7dzm_pmhc_tcr,93.98,1.566,job_completed_from_err
protenix_v1,classI,with_msa_with_template,8gvi_pmhc_tcr,96.13,1.602,job_completed_from_err
protenix_v1,classI,with_msa_with_template,8i5c_pmhc_tcr,93.43,1.557,job_completed_from_err
protenix_v1,classI,with_msa_with_template,8i5d_pmhc_tcr,91.72,1.529,job_completed_from_err
protenix_v1,classI,with_msa_with_template,8qfy_pmhc_tcr,21.96,0.366,job_completed_from_err
protenix_v1,classI,with_msa_with_template,8shi_pmhc_tcr,94.76,1.579,job_completed_from_err
protenix_v1,classI,with_msa_with_template,8wte_pmhc_tcr,94.02,1.567,job_completed_from_err
protenix_v1,classI,with_msa_with_template,8wul_pmhc_tcr,32.69,0.545,job_completed_from_err
protenix_v1,classI,with_msa_with_template,7dzn_pmhc_tcr,23.43,0.391,job_completed_from_err
protenix_v1,classI,with_msa_with_template,7l1d_pmhc_tcr,97.23,1.621,job_completed_from_err
protenix_v1,classI,with_msa_with_template,7n2n_pmhc_tcr,96.85,1.614,job_completed_from_err
protenix_v1,classI,with_msa_with_template,7n2o_pmhc_tcr,95.67,1.595,job_completed_from_err
protenix_v1,classI,with_msa_no_template,6zkw_pmhc_tcr,123.39,2.057,job_completed_from_err
protenix_v1,classI,with_msa_no_template,7n2p_pmhc_tcr,123.49,2.058,job_completed_from_err
protenix_v1,classI,with_msa_no_template,7n2q_pmhc_tcr,78.16,1.303,job_completed_from_err
protenix_v1,classI,with_msa_no_template,7n2r_pmhc_tcr,78.33,1.305,job_completed_from_err
protenix_v1,classI,with_msa_no_template,7n2s_pmhc_tcr,126.49,2.108,job_completed_from_err
protenix_v1,classI,with_msa_no_template,7n4k_pmhc_tcr,126.51,2.109,job_completed_from_err
protenix_v1,classI,with_msa_no_template,7n5c_pmhc_tcr,24.05,0.401,job_completed_from_err
protenix_v1,classI,with_msa_no_template,7n5p_pmhc_tcr,42.88,0.715,job_completed_from_err
protenix_v1,classI,with_msa_no_template,7na5_pmhc_tcr,85.26,1.421,job_completed_from_err
protenix_v1,classI,with_msa_no_template,7ndq_pmhc_tcr,24.74,0.412,job_completed_from_err
protenix_v1,classI,with_msa_no_template,7ndt_pmhc_tcr,29.79,0.496,job_completed_from_err
protenix_v1,classI,with_msa_no_template,6zkx_pmhc_tcr,123.5,2.058,job_completed_from_err
protenix_v1,classI,with_msa_no_template,7ndu_pmhc_tcr,29.37,0.489,job_completed_from_err
protenix_v1,classI,with_msa_no_template,7nme_pmhc_tcr,26.04,0.434,job_completed_from_err
protenix_v1,classI,with_msa_no_template,7nmf_pmhc_tcr,26.3,0.438,job_completed_from_err
protenix_v1,classI,with_msa_no_template,7nmg_pmhc_tcr,26.23,0.437,job_completed_from_err
protenix_v1,classI,with_msa_no_template,7ow5_pmhc_tcr,88.62,1.477,job_completed_from_err
protenix_v1,classI,with_msa_no_template,7ow6_pmhc_tcr,87.94,1.466,job_completed_from_err
protenix_v1,classI,with_msa_no_template,7pb2_pmhc_tcr,90.82,1.514,job_completed_from_err
protenix_v1,classI,with_msa_no_template,7pbe_pmhc_tcr,85.82,1.43,job_completed_from_err
protenix_v1,classI,with_msa_no_template,7phr_pmhc_tcr,80.39,1.34,job_completed_from_err
protenix_v1,classI,with_msa_no_template,7q99_pmhc_tcr,88.64,1.477,job_completed_from_err
protenix_v1,classI,with_msa_no_template,6zky_pmhc_tcr,75.58,1.26,job_completed_from_err
protenix_v1,classI,with_msa_no_template,7q9a_pmhc_tcr,89.14,1.486,job_completed_from_err
protenix_v1,classI,with_msa_no_template,7q9b_pmhc_tcr,84.31,1.405,job_completed_from_err
protenix_v1,classI,with_msa_no_template,7qpj_pmhc_tcr,83.81,1.397,job_completed_from_err
protenix_v1,classI,with_msa_no_template,7r80_pmhc_tcr,25.88,0.431,job_completed_from_err
protenix_v1,classI,with_msa_no_template,7rk7_pmhc_tcr,90.26,1.504,job_completed_from_err
protenix_v1,classI,with_msa_no_template,7rm4_pmhc_tcr,88.75,1.479,job_completed_from_err
protenix_v1,classI,with_msa_no_template,7rrg_pmhc_tcr,86.36,1.439,job_completed_from_err
protenix_v1,classI,with_msa_no_template,7rtr_pmhc_tcr,85.67,1.428,job_completed_from_err
protenix_v1,classI,with_msa_no_template,7su9_pmhc_tcr,84.23,1.404,job_completed_from_err
protenix_v1,classI,with_msa_no_template,8cx4_pmhc_tcr,90.71,1.512,job_completed_from_err
protenix_v1,classI,with_msa_no_template,6zkz_pmhc_tcr,75.37,1.256,job_completed_from_err
protenix_v1,classI,with_msa_no_template,8d5q_pmhc_tcr,84.01,1.4,job_completed_from_err
protenix_v1,classI,with_msa_no_template,8dnt_pmhc_tcr,17.63,0.294,job_completed_from_err
protenix_v1,classI,with_msa_no_template,8en8_pmhc_tcr,18.41,0.307,job_completed_from_err
protenix_v1,classI,with_msa_no_template,8enh_pmhc_tcr,25.61,0.427,job_completed_from_err
protenix_v1,classI,with_msa_no_template,8eo8_pmhc_tcr,25.39,0.423,job_completed_from_err
protenix_v1,classI,with_msa_no_template,8f5a_pmhc_tcr,25.18,0.42,job_completed_from_err
protenix_v1,classI,with_msa_no_template,8gom_pmhc_tcr,87.84,1.464,job_completed_from_err
protenix_v1,classI,with_msa_no_template,8gon_pmhc_tcr,88.34,1.472,job_completed_from_err
protenix_v1,classI,with_msa_no_template,8gvb_pmhc_tcr,84.89,1.415,job_completed_from_err
protenix_v1,classI,with_msa_no_template,8gvg_pmhc_tcr,31.23,0.52,job_completed_from_err
protenix_v1,classI,with_msa_no_template,7dzm_pmhc_tcr,123.5,2.058,job_completed_from_err
protenix_v1,classI,with_msa_no_template,8gvi_pmhc_tcr,17.98,0.3,job_completed_from_err
protenix_v1,classI,with_msa_no_template,8i5c_pmhc_tcr,47.58,0.793,job_completed_from_err
protenix_v1,classI,with_msa_no_template,8i5d_pmhc_tcr,17.26,0.288,job_completed_from_err
protenix_v1,classI,with_msa_no_template,8qfy_pmhc_tcr,24.73,0.412,job_completed_from_err
protenix_v1,classI,with_msa_no_template,8shi_pmhc_tcr,25.09,0.418,job_completed_from_err
protenix_v1,classI,with_msa_no_template,8wte_pmhc_tcr,25.18,0.42,job_completed_from_err
protenix_v1,classI,with_msa_no_template,8wul_pmhc_tcr,86.4,1.44,job_completed_from_err
protenix_v1,classI,with_msa_no_template,7dzn_pmhc_tcr,77.08,1.285,job_completed_from_err
protenix_v1,classI,with_msa_no_template,7l1d_pmhc_tcr,79.02,1.317,job_completed_from_err
protenix_v1,classI,with_msa_no_template,7n2n_pmhc_tcr,81.2,1.353,job_completed_from_err
protenix_v1,classI,with_msa_no_template,7n2o_pmhc_tcr,80.79,1.347,job_completed_from_err
protenix_v1,classI,no_msa_no_template,6zkw_pmhc_tcr,47.79,0.796,job_completed_from_err
protenix_v1,classI,no_msa_no_template,6zkx_pmhc_tcr,47.87,0.798,job_completed_from_err
protenix_v1,classI,no_msa_no_template,6zky_pmhc_tcr,46.51,0.775,job_completed_from_err
protenix_v1,classI,no_msa_no_template,6zkz_pmhc_tcr,46.42,0.774,job_completed_from_err
protenix_v1,classI,no_msa_no_template,7dzm_pmhc_tcr,46.9,0.782,job_completed_from_err
protenix_v1,classI,no_msa_no_template,7dzn_pmhc_tcr,47.34,0.789,job_completed_from_err
protenix_v1,classI,no_msa_no_template,7l1d_pmhc_tcr,47.62,0.794,job_completed_from_err
protenix_v1,classI,no_msa_no_template,7n2n_pmhc_tcr,48.35,0.806,job_completed_from_err
protenix_v1,classI,no_msa_no_template,7n2o_pmhc_tcr,48.45,0.807,job_completed_from_err
protenix_v1,classI,no_msa_no_template,7n2p_pmhc_tcr,47.62,0.794,job_completed_from_err
protenix_v1,classI,no_msa_no_template,7n2q_pmhc_tcr,47.52,0.792,job_completed_from_err
protenix_v1,classI,no_msa_no_template,7n2r_pmhc_tcr,47.65,0.794,job_completed_from_err
protenix_v1,classI,no_msa_no_template,7n2s_pmhc_tcr,47.79,0.796,job_completed_from_err
protenix_v1,classI,no_msa_no_template,7n4k_pmhc_tcr,45.51,0.758,job_completed_from_err
protenix_v1,classI,no_msa_no_template,7n5c_pmhc_tcr,46.81,0.78,job_completed_from_err
protenix_v1,classI,no_msa_no_template,7n5p_pmhc_tcr,46.97,0.783,job_completed_from_err
protenix_v1,classI,no_msa_no_template,7na5_pmhc_tcr,49.01,0.817,job_completed_from_err
protenix_v1,classI,no_msa_no_template,7ndq_pmhc_tcr,48.05,0.801,job_completed_from_err
protenix_v1,classI,no_msa_no_template,7ndt_pmhc_tcr,47.89,0.798,job_completed_from_err
protenix_v1,classI,no_msa_no_template,7ndu_pmhc_tcr,48.54,0.809,job_completed_from_err
protenix_v1,classI,no_msa_no_template,7nme_pmhc_tcr,47.08,0.785,job_completed_from_err
protenix_v1,classI,no_msa_no_template,7nmf_pmhc_tcr,47.35,0.789,job_completed_from_err
protenix_v1,classI,no_msa_no_template,7nmg_pmhc_tcr,47.28,0.788,job_completed_from_err
protenix_v1,classI,no_msa_no_template,7ow5_pmhc_tcr,49.36,0.823,job_completed_from_err
protenix_v1,classI,no_msa_no_template,7ow6_pmhc_tcr,47.76,0.796,job_completed_from_err
protenix_v1,classI,no_msa_no_template,7pb2_pmhc_tcr,49.12,0.819,job_completed_from_err
protenix_v1,classI,no_msa_no_template,7pbe_pmhc_tcr,47.39,0.79,job_completed_from_err
protenix_v1,classI,no_msa_no_template,7phr_pmhc_tcr,45.34,0.756,job_completed_from_err
protenix_v1,classI,no_msa_no_template,7q99_pmhc_tcr,48.77,0.813,job_completed_from_err
protenix_v1,classI,no_msa_no_template,7q9a_pmhc_tcr,47.45,0.791,job_completed_from_err
protenix_v1,classI,no_msa_no_template,7q9b_pmhc_tcr,47.21,0.787,job_completed_from_err
protenix_v1,classI,no_msa_no_template,7qpj_pmhc_tcr,46.7,0.778,job_completed_from_err
protenix_v1,classI,no_msa_no_template,7r80_pmhc_tcr,47.79,0.796,job_completed_from_err
protenix_v1,classI,no_msa_no_template,7rk7_pmhc_tcr,50.69,0.845,job_completed_from_err
protenix_v1,classI,no_msa_no_template,7rm4_pmhc_tcr,48.09,0.802,job_completed_from_err
protenix_v1,classI,no_msa_no_template,7rrg_pmhc_tcr,48.04,0.801,job_completed_from_err
protenix_v1,classI,no_msa_no_template,7rtr_pmhc_tcr,47.69,0.795,job_completed_from_err
protenix_v1,classI,no_msa_no_template,7su9_pmhc_tcr,46.54,0.776,job_completed_from_err
protenix_v1,classI,no_msa_no_template,8cx4_pmhc_tcr,48.2,0.803,job_completed_from_err
protenix_v1,classI,no_msa_no_template,8d5q_pmhc_tcr,46.72,0.779,job_completed_from_err
protenix_v1,classI,no_msa_no_template,8dnt_pmhc_tcr,47.54,0.792,job_completed_from_err
protenix_v1,classI,no_msa_no_template,8en8_pmhc_tcr,47.75,0.796,job_completed_from_err
protenix_v1,classI,no_msa_no_template,8enh_pmhc_tcr,48.11,0.802,job_completed_from_err
protenix_v1,classI,no_msa_no_template,8eo8_pmhc_tcr,48.38,0.806,job_completed_from_err
protenix_v1,classI,no_msa_no_template,8f5a_pmhc_tcr,47.71,0.795,job_completed_from_err
protenix_v1,classI,no_msa_no_template,8gom_pmhc_tcr,47.61,0.793,job_completed_from_err
protenix_v1,classI,no_msa_no_template,8gon_pmhc_tcr,47.92,0.799,job_completed_from_err
protenix_v1,classI,no_msa_no_template,8gvb_pmhc_tcr,47.64,0.794,job_completed_from_err
protenix_v1,classI,no_msa_no_template,8gvg_pmhc_tcr,50.09,0.835,job_completed_from_err
protenix_v1,classI,no_msa_no_template,8gvi_pmhc_tcr,50.0,0.833,job_completed_from_err
protenix_v1,classI,no_msa_no_template,8i5c_pmhc_tcr,48.67,0.811,job_completed_from_err
protenix_v1,classI,no_msa_no_template,8i5d_pmhc_tcr,47.64,0.794,job_completed_from_err
protenix_v1,classI,no_msa_no_template,8qfy_pmhc_tcr,47.01,0.783,job_completed_from_err
protenix_v1,classI,no_msa_no_template,8shi_pmhc_tcr,46.5,0.775,job_completed_from_err
protenix_v1,classI,no_msa_no_template,8wte_pmhc_tcr,47.84,0.797,job_completed_from_err
protenix_v1,classI,no_msa_no_template,8wul_pmhc_tcr,48.01,0.8,job_completed_from_err
protenix_v1,classII,with_msa_with_template,7rdv_pmhc_tcr,63.4,1.057,job_completed_from_err
protenix_v1,classII,with_msa_with_template,7sg0_pmhc_tcr,62.22,1.037,job_completed_from_err
protenix_v1,classII,with_msa_with_template,7sg1_pmhc_tcr,62.11,1.035,job_completed_from_err
protenix_v1,classII,with_msa_with_template,7sg2_pmhc_tcr,61.29,1.022,job_completed_from_err
protenix_v1,classII,with_msa_with_template,7t2b_pmhc_tcr,62.25,1.038,job_completed_from_err
protenix_v1,classII,with_msa_with_template,7t2c_pmhc_tcr,61.78,1.03,job_completed_from_err
protenix_v1,classII,with_msa_with_template,7t2d_pmhc_tcr,61.77,1.03,job_completed_from_err
protenix_v1,classII,with_msa_with_template,7z50_pmhc_tcr,59.63,0.994,job_completed_from_err
protenix_v1,classII,with_msa_with_template,8pjg_pmhc_tcr,63.77,1.063,job_completed_from_err
protenix_v1,classII,with_msa_with_template,8trl_pmhc_tcr,61.22,1.02,job_completed_from_err
protenix_v1,classII,with_msa_with_template,8trr_pmhc_tcr,60.79,1.013,job_completed_from_err
protenix_v1,classII,with_msa_with_template,8vcx_pmhc_tcr,60.52,1.009,job_completed_from_err
protenix_v1,classII,with_msa_with_template,8vcy_pmhc_tcr,59.73,0.995,job_completed_from_err
protenix_v1,classII,with_msa_with_template,8vd2_pmhc_tcr,58.17,0.97,job_completed_from_err
protenix_v1,classII,with_msa_no_template,7rdv_pmhc_tcr,51.69,0.861,job_completed_from_err
protenix_v1,classII,with_msa_no_template,7rdv_pmhc_tcr,51.72,0.862,job_completed_from_err
protenix_v1,classII,with_msa_no_template,7sg0_pmhc_tcr,51.54,0.859,job_completed_from_err
protenix_v1,classII,with_msa_no_template,7sg1_pmhc_tcr,50.35,0.839,job_completed_from_err
protenix_v1,classII,with_msa_no_template,7sg2_pmhc_tcr,51.5,0.858,job_completed_from_err
protenix_v1,classII,with_msa_no_template,7t2b_pmhc_tcr,51.32,0.855,job_completed_from_err
protenix_v1,classII,with_msa_no_template,7t2c_pmhc_tcr,51.12,0.852,job_completed_from_err
protenix_v1,classII,with_msa_no_template,7t2d_pmhc_tcr,53.18,0.886,job_completed_from_err
protenix_v1,classII,with_msa_no_template,7z50_pmhc_tcr,51.1,0.852,job_completed_from_err
protenix_v1,classII,with_msa_no_template,8pjg_pmhc_tcr,53.36,0.889,job_completed_from_err
protenix_v1,classII,with_msa_no_template,8trl_pmhc_tcr,53.02,0.884,job_completed_from_err
protenix_v1,classII,with_msa_no_template,8trr_pmhc_tcr,55.16,0.919,job_completed_from_err
protenix_v1,classII,with_msa_no_template,8vcx_pmhc_tcr,51.98,0.866,job_completed_from_err
protenix_v1,classII,with_msa_no_template,8vcy_pmhc_tcr,52.73,0.879,job_completed_from_err
protenix_v1,classII,with_msa_no_template,8vd2_pmhc_tcr,51.83,0.864,job_completed_from_err
protenix_v1,classII,no_msa_no_template,7rdv_pmhc_tcr,46.03,0.767,job_completed_from_err
protenix_v1,classII,no_msa_no_template,7sg0_pmhc_tcr,46.1,0.768,job_completed_from_err
protenix_v1,classII,no_msa_no_template,7sg1_pmhc_tcr,47.04,0.784,job_completed_from_err
protenix_v1,classII,no_msa_no_template,7sg2_pmhc_tcr,47.73,0.795,job_completed_from_err
protenix_v1,classII,no_msa_no_template,7t2b_pmhc_tcr,46.79,0.78,job_completed_from_err
protenix_v1,classII,no_msa_no_template,7t2c_pmhc_tcr,46.92,0.782,job_completed_from_err
protenix_v1,classII,no_msa_no_template,7t2d_pmhc_tcr,46.65,0.777,job_completed_from_err
protenix_v1,classII,no_msa_no_template,7z50_pmhc_tcr,46.39,0.773,job_completed_from_err
protenix_v1,classII,no_msa_no_template,8pjg_pmhc_tcr,47.06,0.784,job_completed_from_err
protenix_v1,classII,no_msa_no_template,8trl_pmhc_tcr,46.56,0.776,job_completed_from_err
protenix_v1,classII,no_msa_no_template,8trr_pmhc_tcr,46.89,0.781,job_completed_from_err
protenix_v1,classII,no_msa_no_template,8vcx_pmhc_tcr,47.38,0.79,job_completed_from_err
protenix_v1,classII,no_msa_no_template,8vcy_pmhc_tcr,47.68,0.795,job_completed_from_err
protenix_v1,classII,no_msa_no_template,8vd2_pmhc_tcr,49.05,0.818,job_completed_from_err
protenix_v2,classI,with_msa_with_template,6zkw_pmhc_tcr,90.5,1.508,job_completed_from_err
protenix_v2,classI,with_msa_with_template,6zkx_pmhc_tcr,89.59,1.493,job_completed_from_err
protenix_v2,classI,with_msa_with_template,6zky_pmhc_tcr,85.26,1.421,job_completed_from_err
protenix_v2,classI,with_msa_with_template,6zkz_pmhc_tcr,87.28,1.455,job_completed_from_err
protenix_v2,classI,with_msa_with_template,7dzm_pmhc_tcr,91.84,1.531,job_completed_from_err
protenix_v2,classI,with_msa_with_template,7dzn_pmhc_tcr,88.34,1.472,job_completed_from_err
protenix_v2,classI,with_msa_with_template,7l1d_pmhc_tcr,90.47,1.508,job_completed_from_err
protenix_v2,classI,with_msa_with_template,7n2n_pmhc_tcr,90.8,1.513,job_completed_from_err
protenix_v2,classI,with_msa_with_template,7n2o_pmhc_tcr,90.68,1.511,job_completed_from_err
protenix_v2,classI,with_msa_with_template,7n2p_pmhc_tcr,86.84,1.447,job_completed_from_err
protenix_v2,classI,with_msa_with_template,7n2q_pmhc_tcr,88.16,1.469,job_completed_from_err
protenix_v2,classI,with_msa_with_template,7n2r_pmhc_tcr,87.13,1.452,job_completed_from_err
protenix_v2,classI,with_msa_with_template,7n2s_pmhc_tcr,93.06,1.551,job_completed_from_err
protenix_v2,classI,with_msa_with_template,7n4k_pmhc_tcr,94.65,1.578,job_completed_from_err
protenix_v2,classI,with_msa_with_template,7n5c_pmhc_tcr,89.64,1.494,job_completed_from_err
protenix_v2,classI,with_msa_with_template,7n5p_pmhc_tcr,87.67,1.461,job_completed_from_err
protenix_v2,classI,with_msa_with_template,7na5_pmhc_tcr,89.31,1.488,job_completed_from_err
protenix_v2,classI,with_msa_with_template,7ndq_pmhc_tcr,86.03,1.434,job_completed_from_err
protenix_v2,classI,with_msa_with_template,7ndt_pmhc_tcr,86.7,1.445,job_completed_from_err
protenix_v2,classI,with_msa_with_template,7ndu_pmhc_tcr,88.53,1.476,job_completed_from_err
protenix_v2,classI,with_msa_with_template,7nme_pmhc_tcr,89.7,1.495,job_completed_from_err
protenix_v2,classI,with_msa_with_template,7nmf_pmhc_tcr,89.79,1.497,job_completed_from_err
protenix_v2,classI,with_msa_with_template,7nmg_pmhc_tcr,90.82,1.514,job_completed_from_err
protenix_v2,classI,with_msa_with_template,7ow5_pmhc_tcr,90.78,1.513,job_completed_from_err
protenix_v2,classI,with_msa_with_template,7ow6_pmhc_tcr,91.45,1.524,job_completed_from_err
protenix_v2,classI,with_msa_with_template,7pb2_pmhc_tcr,94.52,1.575,job_completed_from_err
protenix_v2,classI,with_msa_with_template,7pbe_pmhc_tcr,88.24,1.471,job_completed_from_err
protenix_v2,classI,with_msa_with_template,7phr_pmhc_tcr,82.6,1.377,job_completed_from_err
protenix_v2,classI,with_msa_with_template,7q99_pmhc_tcr,90.65,1.511,job_completed_from_err
protenix_v2,classI,with_msa_with_template,7q9a_pmhc_tcr,90.6,1.51,job_completed_from_err
protenix_v2,classI,with_msa_with_template,7q9b_pmhc_tcr,88.28,1.471,job_completed_from_err
protenix_v2,classI,with_msa_with_template,7qpj_pmhc_tcr,87.14,1.452,job_completed_from_err
protenix_v2,classI,with_msa_with_template,7r80_pmhc_tcr,88.38,1.473,job_completed_from_err
protenix_v2,classI,with_msa_with_template,7rk7_pmhc_tcr,91.99,1.533,job_completed_from_err
protenix_v2,classI,with_msa_with_template,7rm4_pmhc_tcr,90.23,1.504,job_completed_from_err
protenix_v2,classI,with_msa_with_template,7rrg_pmhc_tcr,87.2,1.453,job_completed_from_err
protenix_v2,classI,with_msa_with_template,7rtr_pmhc_tcr,91.09,1.518,job_completed_from_err
protenix_v2,classI,with_msa_with_template,7su9_pmhc_tcr,88.58,1.476,job_completed_from_err
protenix_v2,classI,with_msa_with_template,8cx4_pmhc_tcr,94.34,1.572,job_completed_from_err
protenix_v2,classI,with_msa_with_template,8d5q_pmhc_tcr,90.24,1.504,job_completed_from_err
protenix_v2,classI,with_msa_with_template,8dnt_pmhc_tcr,86.34,1.439,job_completed_from_err
protenix_v2,classI,with_msa_with_template,8en8_pmhc_tcr,87.89,1.465,job_completed_from_err
protenix_v2,classI,with_msa_with_template,8enh_pmhc_tcr,91.2,1.52,job_completed_from_err
protenix_v2,classI,with_msa_with_template,8eo8_pmhc_tcr,91.14,1.519,job_completed_from_err
protenix_v2,classI,with_msa_with_template,8f5a_pmhc_tcr,87.96,1.466,job_completed_from_err
protenix_v2,classI,with_msa_with_template,8gom_pmhc_tcr,90.34,1.506,job_completed_from_err
protenix_v2,classI,with_msa_with_template,8gon_pmhc_tcr,92.17,1.536,job_completed_from_err
protenix_v2,classI,with_msa_with_template,8gvb_pmhc_tcr,89.18,1.486,job_completed_from_err
protenix_v2,classI,with_msa_with_template,8gvg_pmhc_tcr,93.52,1.559,job_completed_from_err
protenix_v2,classI,with_msa_with_template,8gvi_pmhc_tcr,93.41,1.557,job_completed_from_err
protenix_v2,classI,with_msa_with_template,8i5c_pmhc_tcr,90.79,1.513,job_completed_from_err
protenix_v2,classI,with_msa_with_template,8i5d_pmhc_tcr,86.62,1.444,job_completed_from_err
protenix_v2,classI,with_msa_with_template,8qfy_pmhc_tcr,89.79,1.497,job_completed_from_err
protenix_v2,classI,with_msa_with_template,8shi_pmhc_tcr,90.93,1.516,job_completed_from_err
protenix_v2,classI,with_msa_with_template,8wte_pmhc_tcr,89.23,1.487,job_completed_from_err
protenix_v2,classI,with_msa_with_template,8wul_pmhc_tcr,87.87,1.465,job_completed_from_err
protenix_v2,classI,with_msa_no_template,6zkw_pmhc_tcr,83.88,1.398,job_completed_from_err
protenix_v2,classI,with_msa_no_template,6zkx_pmhc_tcr,83.79,1.397,job_completed_from_err
protenix_v2,classI,with_msa_no_template,6zky_pmhc_tcr,80.03,1.334,job_completed_from_err
protenix_v2,classI,with_msa_no_template,6zkz_pmhc_tcr,81.93,1.366,job_completed_from_err
protenix_v2,classI,with_msa_no_template,7dzm_pmhc_tcr,82.46,1.374,job_completed_from_err
protenix_v2,classI,with_msa_no_template,7dzn_pmhc_tcr,82.73,1.379,job_completed_from_err
protenix_v2,classI,with_msa_no_template,7l1d_pmhc_tcr,85.78,1.43,job_completed_from_err
protenix_v2,classI,with_msa_no_template,7n2n_pmhc_tcr,86.77,1.446,job_completed_from_err
protenix_v2,classI,with_msa_no_template,7n2o_pmhc_tcr,85.32,1.422,job_completed_from_err
protenix_v2,classI,with_msa_no_template,7n2p_pmhc_tcr,81.78,1.363,job_completed_from_err
protenix_v2,classI,with_msa_no_template,7n2q_pmhc_tcr,81.74,1.362,job_completed_from_err
protenix_v2,classI,with_msa_no_template,7n2r_pmhc_tcr,81.68,1.361,job_completed_from_err
protenix_v2,classI,with_msa_no_template,7n2s_pmhc_tcr,85.26,1.421,job_completed_from_err
protenix_v2,classI,with_msa_no_template,7n4k_pmhc_tcr,81.14,1.352,job_completed_from_err
protenix_v2,classI,with_msa_no_template,7n5c_pmhc_tcr,80.42,1.34,job_completed_from_err
protenix_v2,classI,with_msa_no_template,7n5p_pmhc_tcr,79.16,1.319,job_completed_from_err
protenix_v2,classI,with_msa_no_template,7na5_pmhc_tcr,82.28,1.371,job_completed_from_err
protenix_v2,classI,with_msa_no_template,7ndq_pmhc_tcr,80.48,1.341,job_completed_from_err
protenix_v2,classI,with_msa_no_template,7ndt_pmhc_tcr,81.17,1.353,job_completed_from_err
protenix_v2,classI,with_msa_no_template,7ndu_pmhc_tcr,83.01,1.384,job_completed_from_err
protenix_v2,classI,with_msa_no_template,7nme_pmhc_tcr,84.43,1.407,job_completed_from_err
protenix_v2,classI,with_msa_no_template,7nmf_pmhc_tcr,84.5,1.408,job_completed_from_err
protenix_v2,classI,with_msa_no_template,7nmg_pmhc_tcr,84.41,1.407,job_completed_from_err
protenix_v2,classI,with_msa_no_template,7ow5_pmhc_tcr,84.38,1.406,job_completed_from_err
protenix_v2,classI,with_msa_no_template,7ow6_pmhc_tcr,83.96,1.399,job_completed_from_err
protenix_v2,classI,with_msa_no_template,7pb2_pmhc_tcr,87.16,1.453,job_completed_from_err
protenix_v2,classI,with_msa_no_template,7pbe_pmhc_tcr,83.58,1.393,job_completed_from_err
protenix_v2,classI,with_msa_no_template,7phr_pmhc_tcr,78.74,1.312,job_completed_from_err
protenix_v2,classI,with_msa_no_template,7q99_pmhc_tcr,85.24,1.421,job_completed_from_err
protenix_v2,classI,with_msa_no_template,7q9a_pmhc_tcr,85.15,1.419,job_completed_from_err
protenix_v2,classI,with_msa_no_template,7q9b_pmhc_tcr,81.6,1.36,job_completed_from_err
protenix_v2,classI,with_msa_no_template,7qpj_pmhc_tcr,81.38,1.356,job_completed_from_err
protenix_v2,classI,with_msa_no_template,7r80_pmhc_tcr,83.03,1.384,job_completed_from_err
protenix_v2,classI,with_msa_no_template,7rk7_pmhc_tcr,85.75,1.429,job_completed_from_err
protenix_v2,classI,with_msa_no_template,7rm4_pmhc_tcr,85.07,1.418,job_completed_from_err
protenix_v2,classI,with_msa_no_template,7rrg_pmhc_tcr,82.83,1.381,job_completed_from_err
protenix_v2,classI,with_msa_no_template,7rtr_pmhc_tcr,83.17,1.386,job_completed_from_err
protenix_v2,classI,with_msa_no_template,7su9_pmhc_tcr,82.09,1.368,job_completed_from_err
protenix_v2,classI,with_msa_no_template,8cx4_pmhc_tcr,86.75,1.446,job_completed_from_err
protenix_v2,classI,with_msa_no_template,8d5q_pmhc_tcr,81.9,1.365,job_completed_from_err
protenix_v2,classI,with_msa_no_template,8dnt_pmhc_tcr,81.06,1.351,job_completed_from_err
protenix_v2,classI,with_msa_no_template,8en8_pmhc_tcr,84.61,1.41,job_completed_from_err
protenix_v2,classI,with_msa_no_template,8enh_pmhc_tcr,87.28,1.455,job_completed_from_err
protenix_v2,classI,with_msa_no_template,8eo8_pmhc_tcr,87.19,1.453,job_completed_from_err
protenix_v2,classI,with_msa_no_template,8f5a_pmhc_tcr,84.6,1.41,job_completed_from_err
protenix_v2,classI,with_msa_no_template,8gom_pmhc_tcr,85.94,1.432,job_completed_from_err
protenix_v2,classI,with_msa_no_template,8gon_pmhc_tcr,85.29,1.422,job_completed_from_err
protenix_v2,classI,with_msa_no_template,8gvb_pmhc_tcr,82.47,1.375,job_completed_from_err
protenix_v2,classI,with_msa_no_template,8gvg_pmhc_tcr,86.04,1.434,job_completed_from_err
protenix_v2,classI,with_msa_no_template,8gvi_pmhc_tcr,86.99,1.45,job_completed_from_err
protenix_v2,classI,with_msa_no_template,8i5c_pmhc_tcr,84.53,1.409,job_completed_from_err
protenix_v2,classI,with_msa_no_template,8i5d_pmhc_tcr,81.09,1.352,job_completed_from_err
protenix_v2,classI,with_msa_no_template,8qfy_pmhc_tcr,81.37,1.356,job_completed_from_err
protenix_v2,classI,with_msa_no_template,8shi_pmhc_tcr,83.03,1.384,job_completed_from_err
protenix_v2,classI,with_msa_no_template,8wte_pmhc_tcr,81.93,1.366,job_completed_from_err
protenix_v2,classI,with_msa_no_template,8wul_pmhc_tcr,82.42,1.374,job_completed_from_err
protenix_v2,classI,no_msa_no_template,6zkw_pmhc_tcr,78.31,1.305,job_completed_from_err
protenix_v2,classI,no_msa_no_template,6zkx_pmhc_tcr,77.98,1.3,job_completed_from_err
protenix_v2,classI,no_msa_no_template,6zky_pmhc_tcr,75.05,1.251,job_completed_from_err
protenix_v2,classI,no_msa_no_template,6zkz_pmhc_tcr,75.01,1.25,job_completed_from_err
protenix_v2,classI,no_msa_no_template,7dzm_pmhc_tcr,75.64,1.261,job_completed_from_err
protenix_v2,classI,no_msa_no_template,7dzn_pmhc_tcr,76.17,1.27,job_completed_from_err
protenix_v2,classI,no_msa_no_template,7l1d_pmhc_tcr,77.38,1.29,job_completed_from_err
protenix_v2,classI,no_msa_no_template,7n2n_pmhc_tcr,78.57,1.309,job_completed_from_err
protenix_v2,classI,no_msa_no_template,7n2o_pmhc_tcr,80.19,1.337,job_completed_from_err
protenix_v2,classI,no_msa_no_template,7n2p_pmhc_tcr,76.92,1.282,job_completed_from_err
protenix_v2,classI,no_msa_no_template,7n2q_pmhc_tcr,76.78,1.28,job_completed_from_err
protenix_v2,classI,no_msa_no_template,7n2r_pmhc_tcr,76.84,1.281,job_completed_from_err
protenix_v2,classI,no_msa_no_template,7n2s_pmhc_tcr,76.78,1.28,job_completed_from_err
protenix_v2,classI,no_msa_no_template,7n4k_pmhc_tcr,74.18,1.236,job_completed_from_err
protenix_v2,classI,no_msa_no_template,7n5c_pmhc_tcr,74.97,1.25,job_completed_from_err
protenix_v2,classI,no_msa_no_template,7n5p_pmhc_tcr,74.77,1.246,job_completed_from_err
protenix_v2,classI,no_msa_no_template,7na5_pmhc_tcr,76.63,1.277,job_completed_from_err
protenix_v2,classI,no_msa_no_template,7ndq_pmhc_tcr,76.93,1.282,job_completed_from_err
protenix_v2,classI,no_msa_no_template,7ndt_pmhc_tcr,76.41,1.273,job_completed_from_err
protenix_v2,classI,no_msa_no_template,7ndu_pmhc_tcr,77.94,1.299,job_completed_from_err
protenix_v2,classI,no_msa_no_template,7nme_pmhc_tcr,76.42,1.274,job_completed_from_err
protenix_v2,classI,no_msa_no_template,7nmf_pmhc_tcr,76.4,1.273,job_completed_from_err
protenix_v2,classI,no_msa_no_template,7nmg_pmhc_tcr,76.33,1.272,job_completed_from_err
protenix_v2,classI,no_msa_no_template,7ow5_pmhc_tcr,79.19,1.32,job_completed_from_err
protenix_v2,classI,no_msa_no_template,7ow6_pmhc_tcr,77.75,1.296,job_completed_from_err
protenix_v2,classI,no_msa_no_template,7pb2_pmhc_tcr,80.53,1.342,job_completed_from_err
protenix_v2,classI,no_msa_no_template,7pbe_pmhc_tcr,76.34,1.272,job_completed_from_err
protenix_v2,classI,no_msa_no_template,7phr_pmhc_tcr,73.99,1.233,job_completed_from_err
protenix_v2,classI,no_msa_no_template,7q99_pmhc_tcr,78.3,1.305,job_completed_from_err
protenix_v2,classI,no_msa_no_template,7q9a_pmhc_tcr,77.6,1.293,job_completed_from_err
protenix_v2,classI,no_msa_no_template,7q9b_pmhc_tcr,77.25,1.288,job_completed_from_err
protenix_v2,classI,no_msa_no_template,7qpj_pmhc_tcr,77.57,1.293,job_completed_from_err
protenix_v2,classI,no_msa_no_template,7r80_pmhc_tcr,79.2,1.32,job_completed_from_err
protenix_v2,classI,no_msa_no_template,7rk7_pmhc_tcr,79.26,1.321,job_completed_from_err
protenix_v2,classI,no_msa_no_template,7rm4_pmhc_tcr,78.79,1.313,job_completed_from_err
protenix_v2,classI,no_msa_no_template,7rrg_pmhc_tcr,79.02,1.317,job_completed_from_err
protenix_v2,classI,no_msa_no_template,7rtr_pmhc_tcr,78.03,1.3,job_completed_from_err
protenix_v2,classI,no_msa_no_template,7su9_pmhc_tcr,75.07,1.251,job_completed_from_err
protenix_v2,classI,no_msa_no_template,8cx4_pmhc_tcr,79.87,1.331,job_completed_from_err
protenix_v2,classI,no_msa_no_template,8d5q_pmhc_tcr,75.24,1.254,job_completed_from_err
protenix_v2,classI,no_msa_no_template,8dnt_pmhc_tcr,76.81,1.28,job_completed_from_err
protenix_v2,classI,no_msa_no_template,8en8_pmhc_tcr,76.86,1.281,job_completed_from_err
protenix_v2,classI,no_msa_no_template,8enh_pmhc_tcr,78.17,1.303,job_completed_from_err
protenix_v2,classI,no_msa_no_template,8eo8_pmhc_tcr,78.0,1.3,job_completed_from_err
protenix_v2,classI,no_msa_no_template,8f5a_pmhc_tcr,77.4,1.29,job_completed_from_err
protenix_v2,classI,no_msa_no_template,8gom_pmhc_tcr,76.71,1.278,job_completed_from_err
protenix_v2,classI,no_msa_no_template,8gon_pmhc_tcr,78.9,1.315,job_completed_from_err
protenix_v2,classI,no_msa_no_template,8gvb_pmhc_tcr,78.2,1.303,job_completed_from_err
protenix_v2,classI,no_msa_no_template,8gvg_pmhc_tcr,78.08,1.301,job_completed_from_err
protenix_v2,classI,no_msa_no_template,8gvi_pmhc_tcr,79.68,1.328,job_completed_from_err
protenix_v2,classI,no_msa_no_template,8i5c_pmhc_tcr,77.49,1.291,job_completed_from_err
protenix_v2,classI,no_msa_no_template,8i5d_pmhc_tcr,75.54,1.259,job_completed_from_err
protenix_v2,classI,no_msa_no_template,8qfy_pmhc_tcr,76.44,1.274,job_completed_from_err
protenix_v2,classI,no_msa_no_template,8shi_pmhc_tcr,74.54,1.242,job_completed_from_err
protenix_v2,classI,no_msa_no_template,8wte_pmhc_tcr,79.01,1.317,job_completed_from_err
protenix_v2,classI,no_msa_no_template,8wul_pmhc_tcr,77.69,1.295,job_completed_from_err
protenix_v2,classII,with_msa_with_template,7rdv_pmhc_tcr,87.28,1.455,job_completed_from_err
protenix_v2,classII,with_msa_with_template,7sg0_pmhc_tcr,87.36,1.456,job_completed_from_err
protenix_v2,classII,with_msa_with_template,7sg1_pmhc_tcr,87.46,1.458,job_completed_from_err
protenix_v2,classII,with_msa_with_template,7sg2_pmhc_tcr,88.33,1.472,job_completed_from_err
protenix_v2,classII,with_msa_with_template,7t2b_pmhc_tcr,92.68,1.545,job_completed_from_err
protenix_v2,classII,with_msa_with_template,7t2c_pmhc_tcr,88.07,1.468,job_completed_from_err
protenix_v2,classII,with_msa_with_template,7t2d_pmhc_tcr,89.8,1.497,job_completed_from_err
protenix_v2,classII,with_msa_with_template,7z50_pmhc_tcr,89.86,1.498,job_completed_from_err
protenix_v2,classII,with_msa_with_template,8pjg_pmhc_tcr,90.65,1.511,job_completed_from_err
protenix_v2,classII,with_msa_with_template,8trl_pmhc_tcr,88.79,1.48,job_completed_from_err
protenix_v2,classII,with_msa_with_template,8trr_pmhc_tcr,87.8,1.463,job_completed_from_err
protenix_v2,classII,with_msa_with_template,8vcx_pmhc_tcr,92.82,1.547,job_completed_from_err
protenix_v2,classII,with_msa_with_template,8vcy_pmhc_tcr,91.17,1.52,job_completed_from_err
protenix_v2,classII,with_msa_with_template,8vd2_pmhc_tcr,89.13,1.485,job_completed_from_err
protenix_v2,classII,with_msa_no_template,7rdv_pmhc_tcr,80.0,1.333,job_completed_from_err
protenix_v2,classII,with_msa_no_template,7sg0_pmhc_tcr,80.96,1.349,job_completed_from_err
protenix_v2,classII,with_msa_no_template,7sg1_pmhc_tcr,80.31,1.339,job_completed_from_err
protenix_v2,classII,with_msa_no_template,7sg2_pmhc_tcr,80.73,1.346,job_completed_from_err
protenix_v2,classII,with_msa_no_template,7t2b_pmhc_tcr,83.77,1.396,job_completed_from_err
protenix_v2,classII,with_msa_no_template,7t2c_pmhc_tcr,81.26,1.354,job_completed_from_err
protenix_v2,classII,with_msa_no_template,7t2d_pmhc_tcr,82.97,1.383,job_completed_from_err
protenix_v2,classII,with_msa_no_template,7z50_pmhc_tcr,82.67,1.378,job_completed_from_err
protenix_v2,classII,with_msa_no_template,8pjg_pmhc_tcr,84.14,1.402,job_completed_from_err
protenix_v2,classII,with_msa_no_template,8trl_pmhc_tcr,81.92,1.365,job_completed_from_err
protenix_v2,classII,with_msa_no_template,8trr_pmhc_tcr,83.39,1.39,job_completed_from_err
protenix_v2,classII,with_msa_no_template,8vcx_pmhc_tcr,84.42,1.407,job_completed_from_err
protenix_v2,classII,with_msa_no_template,8vcy_pmhc_tcr,85.66,1.428,job_completed_from_err
protenix_v2,classII,with_msa_no_template,8vd2_pmhc_tcr,83.25,1.387,job_completed_from_err
protenix_v2,classII,no_msa_no_template,7rdv_pmhc_tcr,74.39,1.24,job_completed_from_err
protenix_v2,classII,no_msa_no_template,7sg0_pmhc_tcr,74.61,1.244,job_completed_from_err
protenix_v2,classII,no_msa_no_template,7sg1_pmhc_tcr,75.29,1.255,job_completed_from_err
protenix_v2,classII,no_msa_no_template,7sg2_pmhc_tcr,75.72,1.262,job_completed_from_err
protenix_v2,classII,no_msa_no_template,7t2b_pmhc_tcr,75.21,1.253,job_completed_from_err
protenix_v2,classII,no_msa_no_template,7t2c_pmhc_tcr,75.46,1.258,job_completed_from_err
protenix_v2,classII,no_msa_no_template,7t2d_pmhc_tcr,75.3,1.255,job_completed_from_err
protenix_v2,classII,no_msa_no_template,7z50_pmhc_tcr,74.69,1.245,job_completed_from_err
protenix_v2,classII,no_msa_no_template,8pjg_pmhc_tcr,75.89,1.265,job_completed_from_err
protenix_v2,classII,no_msa_no_template,8trl_pmhc_tcr,74.64,1.244,job_completed_from_err
protenix_v2,classII,no_msa_no_template,8trr_pmhc_tcr,74.69,1.245,job_completed_from_err
protenix_v2,classII,no_msa_no_template,8vcx_pmhc_tcr,76.21,1.27,job_completed_from_err
protenix_v2,classII,no_msa_no_template,8vcy_pmhc_tcr,76.9,1.282,job_completed_from_err
protenix_v2,classII,no_msa_no_template,8vd2_pmhc_tcr,77.24,1.287,job_completed_from_err
intellifold2,classI,with_msa_with_template,6zkw_pmhc_tcr,869.0,14.483,start_finish_diff_from_out
intellifold2,classI,with_msa_with_template,7n2p_pmhc_tcr,568.0,9.467,start_finish_diff_from_out
intellifold2,classI,with_msa_with_template,7n2q_pmhc_tcr,352.0,5.867,start_finish_diff_from_out
intellifold2,classI,with_msa_with_template,7n2r_pmhc_tcr,353.0,5.883,start_finish_diff_from_out
intellifold2,classI,with_msa_with_template,7n2s_pmhc_tcr,353.0,5.883,start_finish_diff_from_out
intellifold2,classI,with_msa_with_template,7n4k_pmhc_tcr,352.0,5.867,start_finish_diff_from_out
intellifold2,classI,with_msa_with_template,7n5c_pmhc_tcr,356.0,5.933,start_finish_diff_from_out
intellifold2,classI,with_msa_with_template,7n5p_pmhc_tcr,355.0,5.917,start_finish_diff_from_out
intellifold2,classI,with_msa_with_template,7na5_pmhc_tcr,1259.0,20.983,start_finish_diff_from_out
intellifold2,classI,with_msa_with_template,7ndq_pmhc_tcr,1572.0,26.2,start_finish_diff_from_out
intellifold2,classI,with_msa_with_template,7ndt_pmhc_tcr,226.0,3.767,start_finish_diff_from_out
intellifold2,classI,with_msa_with_template,6zkx_pmhc_tcr,490.0,8.167,start_finish_diff_from_out
intellifold2,classI,with_msa_with_template,7ndu_pmhc_tcr,326.0,5.433,start_finish_diff_from_out
intellifold2,classI,with_msa_with_template,7nme_pmhc_tcr,526.0,8.767,start_finish_diff_from_out
intellifold2,classI,with_msa_with_template,7nmf_pmhc_tcr,481.0,8.017,start_finish_diff_from_out
intellifold2,classI,with_msa_with_template,7nmg_pmhc_tcr,932.0,15.533,start_finish_diff_from_out
intellifold2,classI,with_msa_with_template,7ow5_pmhc_tcr,434.0,7.233,start_finish_diff_from_out
intellifold2,classI,with_msa_with_template,7ow6_pmhc_tcr,282.0,4.7,start_finish_diff_from_out
intellifold2,classI,with_msa_with_template,7pb2_pmhc_tcr,995.0,16.583,start_finish_diff_from_out
intellifold2,classI,with_msa_with_template,7pbe_pmhc_tcr,630.0,10.5,start_finish_diff_from_out
intellifold2,classI,with_msa_with_template,7phr_pmhc_tcr,195.0,3.25,start_finish_diff_from_out
intellifold2,classI,with_msa_with_template,7q99_pmhc_tcr,669.0,11.15,start_finish_diff_from_out
intellifold2,classI,with_msa_with_template,6zky_pmhc_tcr,519.0,8.65,start_finish_diff_from_out
intellifold2,classI,with_msa_with_template,7q9a_pmhc_tcr,389.0,6.483,start_finish_diff_from_out
intellifold2,classI,with_msa_with_template,7q9b_pmhc_tcr,356.0,5.933,start_finish_diff_from_out
intellifold2,classI,with_msa_with_template,7qpj_pmhc_tcr,555.0,9.25,start_finish_diff_from_out
intellifold2,classI,with_msa_with_template,7r80_pmhc_tcr,543.0,9.05,start_finish_diff_from_out
intellifold2,classI,with_msa_with_template,7rk7_pmhc_tcr,332.0,5.533,start_finish_diff_from_out
intellifold2,classI,with_msa_with_template,7rm4_pmhc_tcr,1086.0,18.1,start_finish_diff_from_out
intellifold2,classI,with_msa_with_template,7rrg_pmhc_tcr,1221.0,20.35,start_finish_diff_from_out
intellifold2,classI,with_msa_with_template,7rtr_pmhc_tcr,1189.0,19.817,start_finish_diff_from_out
intellifold2,classI,with_msa_with_template,7su9_pmhc_tcr,989.0,16.483,start_finish_diff_from_out
intellifold2,classI,with_msa_with_template,8cx4_pmhc_tcr,979.0,16.317,start_finish_diff_from_out
intellifold2,classI,with_msa_with_template,6zkz_pmhc_tcr,950.0,15.833,start_finish_diff_from_out
intellifold2,classI,with_msa_with_template,8d5q_pmhc_tcr,604.0,10.067,start_finish_diff_from_out
intellifold2,classI,with_msa_with_template,8dnt_pmhc_tcr,357.0,5.95,start_finish_diff_from_out
intellifold2,classI,with_msa_with_template,8en8_pmhc_tcr,2027.0,33.783,start_finish_diff_from_out
intellifold2,classI,with_msa_with_template,8enh_pmhc_tcr,614.0,10.233,start_finish_diff_from_out
intellifold2,classI,with_msa_with_template,8eo8_pmhc_tcr,1157.0,19.283,start_finish_diff_from_out
intellifold2,classI,with_msa_with_template,8f5a_pmhc_tcr,1399.0,23.317,start_finish_diff_from_out
intellifold2,classI,with_msa_with_template,8gom_pmhc_tcr,803.0,13.383,start_finish_diff_from_out
intellifold2,classI,with_msa_with_template,8gon_pmhc_tcr,282.0,4.7,start_finish_diff_from_out
intellifold2,classI,with_msa_with_template,8gvb_pmhc_tcr,368.0,6.133,start_finish_diff_from_out
intellifold2,classI,with_msa_with_template,8gvg_pmhc_tcr,904.0,15.067,start_finish_diff_from_out
intellifold2,classI,with_msa_with_template,7dzm_pmhc_tcr,352.0,5.867,start_finish_diff_from_out
intellifold2,classI,with_msa_with_template,8gvi_pmhc_tcr,963.0,16.05,start_finish_diff_from_out
intellifold2,classI,with_msa_with_template,8i5c_pmhc_tcr,346.0,5.767,start_finish_diff_from_out
intellifold2,classI,with_msa_with_template,8i5d_pmhc_tcr,913.0,15.217,start_finish_diff_from_out
intellifold2,classI,with_msa_with_template,8qfy_pmhc_tcr,508.0,8.467,start_finish_diff_from_out
intellifold2,classI,with_msa_with_template,8shi_pmhc_tcr,644.0,10.733,start_finish_diff_from_out
intellifold2,classI,with_msa_with_template,8wte_pmhc_tcr,237.0,3.95,start_finish_diff_from_out
intellifold2,classI,with_msa_with_template,8wul_pmhc_tcr,603.0,10.05,start_finish_diff_from_out
intellifold2,classI,with_msa_with_template,7dzn_pmhc_tcr,352.0,5.867,start_finish_diff_from_out
intellifold2,classI,with_msa_with_template,7l1d_pmhc_tcr,607.0,10.117,start_finish_diff_from_out
intellifold2,classI,with_msa_with_template,7n2n_pmhc_tcr,357.0,5.95,start_finish_diff_from_out
intellifold2,classI,with_msa_with_template,7n2o_pmhc_tcr,480.0,8.0,start_finish_diff_from_out
intellifold2,classI,with_msa_no_template,6zkw_pmhc_tcr,337.0,5.617,start_finish_diff_from_out
intellifold2,classI,with_msa_no_template,7n2p_pmhc_tcr,713.0,11.883,start_finish_diff_from_out
intellifold2,classI,with_msa_no_template,7n2q_pmhc_tcr,898.0,14.967,start_finish_diff_from_out
intellifold2,classI,with_msa_no_template,7n2r_pmhc_tcr,713.0,11.883,start_finish_diff_from_out
intellifold2,classI,with_msa_no_template,7n2s_pmhc_tcr,713.0,11.883,start_finish_diff_from_out
intellifold2,classI,with_msa_no_template,7n4k_pmhc_tcr,713.0,11.883,start_finish_diff_from_out
intellifold2,classI,with_msa_no_template,7n5c_pmhc_tcr,713.0,11.883,start_finish_diff_from_out
intellifold2,classI,with_msa_no_template,7n5p_pmhc_tcr,728.0,12.133,start_finish_diff_from_out
intellifold2,classI,with_msa_no_template,7na5_pmhc_tcr,714.0,11.9,start_finish_diff_from_out
intellifold2,classI,with_msa_no_template,7ndq_pmhc_tcr,637.0,10.617,start_finish_diff_from_out
intellifold2,classI,with_msa_no_template,7ndt_pmhc_tcr,728.0,12.133,start_finish_diff_from_out
intellifold2,classI,with_msa_no_template,6zkx_pmhc_tcr,337.0,5.617,start_finish_diff_from_out
intellifold2,classI,with_msa_no_template,7ndu_pmhc_tcr,587.0,9.783,start_finish_diff_from_out
intellifold2,classI,with_msa_no_template,7nme_pmhc_tcr,784.0,13.067,start_finish_diff_from_out
intellifold2,classI,with_msa_no_template,7nmf_pmhc_tcr,321.0,5.35,start_finish_diff_from_out
intellifold2,classI,with_msa_no_template,7nmg_pmhc_tcr,1007.0,16.783,start_finish_diff_from_out
intellifold2,classI,with_msa_no_template,7ow5_pmhc_tcr,182.0,3.033,start_finish_diff_from_out
intellifold2,classI,with_msa_no_template,7ow6_pmhc_tcr,180.0,3.0,start_finish_diff_from_out
intellifold2,classI,with_msa_no_template,7pb2_pmhc_tcr,1030.0,17.167,start_finish_diff_from_out
intellifold2,classI,with_msa_no_template,7pbe_pmhc_tcr,627.0,10.45,start_finish_diff_from_out
intellifold2,classI,with_msa_no_template,7phr_pmhc_tcr,697.0,11.617,start_finish_diff_from_out
intellifold2,classI,with_msa_no_template,7q99_pmhc_tcr,632.0,10.533,start_finish_diff_from_out
intellifold2,classI,with_msa_no_template,6zky_pmhc_tcr,337.0,5.617,start_finish_diff_from_out
intellifold2,classI,with_msa_no_template,7q9a_pmhc_tcr,645.0,10.75,start_finish_diff_from_out
intellifold2,classI,with_msa_no_template,7q9b_pmhc_tcr,642.0,10.7,start_finish_diff_from_out
intellifold2,classI,with_msa_no_template,7qpj_pmhc_tcr,373.0,6.217,start_finish_diff_from_out
intellifold2,classI,with_msa_no_template,7r80_pmhc_tcr,617.0,10.283,start_finish_diff_from_out
intellifold2,classI,with_msa_no_template,7rk7_pmhc_tcr,912.0,15.2,start_finish_diff_from_out
intellifold2,classI,with_msa_no_template,7rm4_pmhc_tcr,256.0,4.267,start_finish_diff_from_out
intellifold2,classI,with_msa_no_template,7rrg_pmhc_tcr,1490.0,24.833,start_finish_diff_from_out
intellifold2,classI,with_msa_no_template,7rtr_pmhc_tcr,621.0,10.35,start_finish_diff_from_out
intellifold2,classI,with_msa_no_template,7su9_pmhc_tcr,874.0,14.567,start_finish_diff_from_out
intellifold2,classI,with_msa_no_template,8cx4_pmhc_tcr,690.0,11.5,start_finish_diff_from_out
intellifold2,classI,with_msa_no_template,6zkz_pmhc_tcr,337.0,5.617,start_finish_diff_from_out
intellifold2,classI,with_msa_no_template,8d5q_pmhc_tcr,790.0,13.167,start_finish_diff_from_out
intellifold2,classI,with_msa_no_template,8dnt_pmhc_tcr,760.0,12.667,start_finish_diff_from_out
intellifold2,classI,with_msa_no_template,8en8_pmhc_tcr,937.0,15.617,start_finish_diff_from_out
intellifold2,classI,with_msa_no_template,8enh_pmhc_tcr,1264.0,21.067,start_finish_diff_from_out
intellifold2,classI,with_msa_no_template,8eo8_pmhc_tcr,730.0,12.167,start_finish_diff_from_out
intellifold2,classI,with_msa_no_template,8f5a_pmhc_tcr,743.0,12.383,start_finish_diff_from_out
intellifold2,classI,with_msa_no_template,8gom_pmhc_tcr,716.0,11.933,start_finish_diff_from_out
intellifold2,classI,with_msa_no_template,8gon_pmhc_tcr,739.0,12.317,start_finish_diff_from_out
intellifold2,classI,with_msa_no_template,8gvb_pmhc_tcr,779.0,12.983,start_finish_diff_from_out
intellifold2,classI,with_msa_no_template,8gvg_pmhc_tcr,642.0,10.7,start_finish_diff_from_out
intellifold2,classI,with_msa_no_template,7dzm_pmhc_tcr,337.0,5.617,start_finish_diff_from_out
intellifold2,classI,with_msa_no_template,8gvi_pmhc_tcr,731.0,12.183,start_finish_diff_from_out
intellifold2,classI,with_msa_no_template,8i5c_pmhc_tcr,659.0,10.983,start_finish_diff_from_out
intellifold2,classI,with_msa_no_template,8i5d_pmhc_tcr,736.0,12.267,start_finish_diff_from_out
intellifold2,classI,with_msa_no_template,8qfy_pmhc_tcr,645.0,10.75,start_finish_diff_from_out
intellifold2,classI,with_msa_no_template,8shi_pmhc_tcr,716.0,11.933,start_finish_diff_from_out
intellifold2,classI,with_msa_no_template,8wte_pmhc_tcr,1028.0,17.133,start_finish_diff_from_out
intellifold2,classI,with_msa_no_template,8wul_pmhc_tcr,696.0,11.6,start_finish_diff_from_out
intellifold2,classI,with_msa_no_template,7dzn_pmhc_tcr,789.0,13.15,start_finish_diff_from_out
intellifold2,classI,with_msa_no_template,7l1d_pmhc_tcr,748.0,12.467,start_finish_diff_from_out
intellifold2,classI,with_msa_no_template,7n2n_pmhc_tcr,847.0,14.117,start_finish_diff_from_out
intellifold2,classI,with_msa_no_template,7n2o_pmhc_tcr,714.0,11.9,start_finish_diff_from_out
intellifold2,classI,no_msa_no_template,6zkw_pmhc_tcr,587.0,9.783,elapsed_seconds_from_out
intellifold2,classI,no_msa_no_template,6zkx_pmhc_tcr,588.0,9.8,elapsed_seconds_from_out
intellifold2,classI,no_msa_no_template,6zky_pmhc_tcr,588.0,9.8,elapsed_seconds_from_out
intellifold2,classI,no_msa_no_template,6zkz_pmhc_tcr,588.0,9.8,elapsed_seconds_from_out
intellifold2,classI,no_msa_no_template,7dzm_pmhc_tcr,585.0,9.75,elapsed_seconds_from_out
intellifold2,classI,no_msa_no_template,7dzn_pmhc_tcr,585.0,9.75,elapsed_seconds_from_out
intellifold2,classI,no_msa_no_template,7l1d_pmhc_tcr,587.0,9.783,elapsed_seconds_from_out
intellifold2,classI,no_msa_no_template,7n2n_pmhc_tcr,586.0,9.767,elapsed_seconds_from_out
intellifold2,classI,no_msa_no_template,7n2o_pmhc_tcr,588.0,9.8,elapsed_seconds_from_out
intellifold2,classI,no_msa_no_template,7n2p_pmhc_tcr,588.0,9.8,elapsed_seconds_from_out
intellifold2,classI,no_msa_no_template,7n2q_pmhc_tcr,584.0,9.733,elapsed_seconds_from_out
intellifold2,classI,no_msa_no_template,7n2r_pmhc_tcr,586.0,9.767,elapsed_seconds_from_out
intellifold2,classI,no_msa_no_template,7n2s_pmhc_tcr,585.0,9.75,elapsed_seconds_from_out
intellifold2,classI,no_msa_no_template,7n4k_pmhc_tcr,585.0,9.75,elapsed_seconds_from_out
intellifold2,classI,no_msa_no_template,7n5c_pmhc_tcr,587.0,9.783,elapsed_seconds_from_out
intellifold2,classI,no_msa_no_template,7n5p_pmhc_tcr,586.0,9.767,elapsed_seconds_from_out
intellifold2,classI,no_msa_no_template,7na5_pmhc_tcr,588.0,9.8,elapsed_seconds_from_out
intellifold2,classI,no_msa_no_template,7ndq_pmhc_tcr,587.0,9.783,elapsed_seconds_from_out
intellifold2,classI,no_msa_no_template,7ndt_pmhc_tcr,584.0,9.733,elapsed_seconds_from_out
intellifold2,classI,no_msa_no_template,7ndu_pmhc_tcr,587.0,9.783,elapsed_seconds_from_out
intellifold2,classI,no_msa_no_template,7nme_pmhc_tcr,586.0,9.767,elapsed_seconds_from_out
intellifold2,classI,no_msa_no_template,7nmf_pmhc_tcr,587.0,9.783,elapsed_seconds_from_out
intellifold2,classI,no_msa_no_template,7nmg_pmhc_tcr,588.0,9.8,elapsed_seconds_from_out
intellifold2,classI,no_msa_no_template,7ow5_pmhc_tcr,588.0,9.8,elapsed_seconds_from_out
intellifold2,classI,no_msa_no_template,7ow6_pmhc_tcr,588.0,9.8,elapsed_seconds_from_out
intellifold2,classI,no_msa_no_template,7pb2_pmhc_tcr,588.0,9.8,elapsed_seconds_from_out
intellifold2,classI,no_msa_no_template,7pbe_pmhc_tcr,588.0,9.8,elapsed_seconds_from_out
intellifold2,classI,no_msa_no_template,7phr_pmhc_tcr,588.0,9.8,elapsed_seconds_from_out
intellifold2,classI,no_msa_no_template,7q99_pmhc_tcr,589.0,9.817,elapsed_seconds_from_out
intellifold2,classI,no_msa_no_template,7q9a_pmhc_tcr,588.0,9.8,elapsed_seconds_from_out
intellifold2,classI,no_msa_no_template,7q9b_pmhc_tcr,588.0,9.8,elapsed_seconds_from_out
intellifold2,classI,no_msa_no_template,7qpj_pmhc_tcr,587.0,9.783,elapsed_seconds_from_out
intellifold2,classI,no_msa_no_template,7r80_pmhc_tcr,588.0,9.8,elapsed_seconds_from_out
intellifold2,classI,no_msa_no_template,7rk7_pmhc_tcr,588.0,9.8,elapsed_seconds_from_out
intellifold2,classI,no_msa_no_template,7rm4_pmhc_tcr,588.0,9.8,elapsed_seconds_from_out
intellifold2,classI,no_msa_no_template,7rrg_pmhc_tcr,587.0,9.783,elapsed_seconds_from_out
intellifold2,classI,no_msa_no_template,7rtr_pmhc_tcr,588.0,9.8,elapsed_seconds_from_out
intellifold2,classI,no_msa_no_template,7su9_pmhc_tcr,585.0,9.75,elapsed_seconds_from_out
intellifold2,classI,no_msa_no_template,8cx4_pmhc_tcr,585.0,9.75,elapsed_seconds_from_out
intellifold2,classI,no_msa_no_template,8d5q_pmhc_tcr,589.0,9.817,elapsed_seconds_from_out
intellifold2,classI,no_msa_no_template,8dnt_pmhc_tcr,586.0,9.767,elapsed_seconds_from_out
intellifold2,classI,no_msa_no_template,8en8_pmhc_tcr,588.0,9.8,elapsed_seconds_from_out
intellifold2,classI,no_msa_no_template,8enh_pmhc_tcr,588.0,9.8,elapsed_seconds_from_out
intellifold2,classI,no_msa_no_template,8eo8_pmhc_tcr,587.0,9.783,elapsed_seconds_from_out
intellifold2,classI,no_msa_no_template,8f5a_pmhc_tcr,588.0,9.8,elapsed_seconds_from_out
intellifold2,classI,no_msa_no_template,8gom_pmhc_tcr,589.0,9.817,elapsed_seconds_from_out
intellifold2,classI,no_msa_no_template,8gon_pmhc_tcr,587.0,9.783,elapsed_seconds_from_out
intellifold2,classI,no_msa_no_template,8gvb_pmhc_tcr,587.0,9.783,elapsed_seconds_from_out
intellifold2,classI,no_msa_no_template,8gvg_pmhc_tcr,588.0,9.8,elapsed_seconds_from_out
intellifold2,classI,no_msa_no_template,8gvi_pmhc_tcr,589.0,9.817,elapsed_seconds_from_out
intellifold2,classI,no_msa_no_template,8i5c_pmhc_tcr,588.0,9.8,elapsed_seconds_from_out
intellifold2,classI,no_msa_no_template,8i5d_pmhc_tcr,589.0,9.817,elapsed_seconds_from_out
intellifold2,classI,no_msa_no_template,8qfy_pmhc_tcr,587.0,9.783,elapsed_seconds_from_out
intellifold2,classI,no_msa_no_template,8shi_pmhc_tcr,588.0,9.8,elapsed_seconds_from_out
intellifold2,classI,no_msa_no_template,8wte_pmhc_tcr,587.0,9.783,elapsed_seconds_from_out
intellifold2,classI,no_msa_no_template,8wul_pmhc_tcr,587.0,9.783,elapsed_seconds_from_out
intellifold2,classII,with_msa_with_template,7rdv_pmhc_tcr,655.0,10.917,elapsed_seconds_from_out
intellifold2,classII,with_msa_with_template,7sg0_pmhc_tcr,650.0,10.833,elapsed_seconds_from_out
intellifold2,classII,with_msa_with_template,7sg1_pmhc_tcr,652.0,10.867,elapsed_seconds_from_out
intellifold2,classII,with_msa_with_template,7sg2_pmhc_tcr,639.0,10.65,elapsed_seconds_from_out
intellifold2,classII,with_msa_with_template,7t2b_pmhc_tcr,630.0,10.5,elapsed_seconds_from_out
intellifold2,classII,with_msa_with_template,7t2c_pmhc_tcr,634.0,10.567,elapsed_seconds_from_out
intellifold2,classII,with_msa_with_template,7t2d_pmhc_tcr,633.0,10.55,elapsed_seconds_from_out
intellifold2,classII,with_msa_with_template,7z50_pmhc_tcr,634.0,10.567,elapsed_seconds_from_out
intellifold2,classII,with_msa_with_template,8pjg_pmhc_tcr,646.0,10.767,elapsed_seconds_from_out
intellifold2,classII,with_msa_with_template,8trl_pmhc_tcr,640.0,10.667,elapsed_seconds_from_out
intellifold2,classII,with_msa_with_template,8trr_pmhc_tcr,636.0,10.6,elapsed_seconds_from_out
intellifold2,classII,with_msa_with_template,8vcx_pmhc_tcr,635.0,10.583,elapsed_seconds_from_out
intellifold2,classII,with_msa_with_template,8vcy_pmhc_tcr,636.0,10.6,elapsed_seconds_from_out
intellifold2,classII,with_msa_with_template,8vd2_pmhc_tcr,644.0,10.733,elapsed_seconds_from_out
intellifold2,classII,with_msa_no_template,7rdv_pmhc_tcr,776.0,12.933,elapsed_seconds_from_out
intellifold2,classII,with_msa_no_template,7sg0_pmhc_tcr,743.0,12.383,elapsed_seconds_from_out
intellifold2,classII,with_msa_no_template,7sg1_pmhc_tcr,719.0,11.983,elapsed_seconds_from_out
intellifold2,classII,with_msa_no_template,7sg2_pmhc_tcr,735.0,12.25,elapsed_seconds_from_out
intellifold2,classII,with_msa_no_template,7t2b_pmhc_tcr,724.0,12.067,elapsed_seconds_from_out
intellifold2,classII,with_msa_no_template,7t2c_pmhc_tcr,737.0,12.283,elapsed_seconds_from_out
intellifold2,classII,with_msa_no_template,7t2d_pmhc_tcr,715.0,11.917,elapsed_seconds_from_out
intellifold2,classII,with_msa_no_template,7z50_pmhc_tcr,720.0,12.0,elapsed_seconds_from_out
intellifold2,classII,with_msa_no_template,8pjg_pmhc_tcr,727.0,12.117,elapsed_seconds_from_out
intellifold2,classII,with_msa_no_template,8trl_pmhc_tcr,739.0,12.317,elapsed_seconds_from_out
intellifold2,classII,with_msa_no_template,8trr_pmhc_tcr,720.0,12.0,elapsed_seconds_from_out
intellifold2,classII,with_msa_no_template,8vcx_pmhc_tcr,710.0,11.833,elapsed_seconds_from_out
intellifold2,classII,with_msa_no_template,8vcy_pmhc_tcr,723.0,12.05,elapsed_seconds_from_out
intellifold2,classII,with_msa_no_template,8vd2_pmhc_tcr,740.0,12.333,elapsed_seconds_from_out
intellifold2,classII,no_msa_no_template,7rdv_pmhc_tcr,588.0,9.8,elapsed_seconds_from_out
intellifold2,classII,no_msa_no_template,7sg0_pmhc_tcr,588.0,9.8,elapsed_seconds_from_out
intellifold2,classII,no_msa_no_template,7sg1_pmhc_tcr,588.0,9.8,elapsed_seconds_from_out
intellifold2,classII,no_msa_no_template,7sg2_pmhc_tcr,588.0,9.8,elapsed_seconds_from_out
intellifold2,classII,no_msa_no_template,7t2b_pmhc_tcr,588.0,9.8,elapsed_seconds_from_out
intellifold2,classII,no_msa_no_template,7t2c_pmhc_tcr,587.0,9.783,elapsed_seconds_from_out
intellifold2,classII,no_msa_no_template,7t2d_pmhc_tcr,585.0,9.75,elapsed_seconds_from_out
intellifold2,classII,no_msa_no_template,7z50_pmhc_tcr,586.0,9.767,elapsed_seconds_from_out
intellifold2,classII,no_msa_no_template,8pjg_pmhc_tcr,586.0,9.767,elapsed_seconds_from_out
intellifold2,classII,no_msa_no_template,8trl_pmhc_tcr,587.0,9.783,elapsed_seconds_from_out
intellifold2,classII,no_msa_no_template,8trr_pmhc_tcr,586.0,9.767,elapsed_seconds_from_out
intellifold2,classII,no_msa_no_template,8vcx_pmhc_tcr,587.0,9.783,elapsed_seconds_from_out
intellifold2,classII,no_msa_no_template,8vcy_pmhc_tcr,589.0,9.817,elapsed_seconds_from_out
intellifold2,classII,no_msa_no_template,8vd2_pmhc_tcr,584.0,9.733,elapsed_seconds_from_out
